ISO-10303-21;
HEADER;
FILE_DESCRIPTION (( 'STEP AP214' ),
    '1' );
FILE_NAME ('FG24X7R1A106KRT00.STEP',
    '2024-03-01T16:29:20',
    ( '' ),
    ( '' ),
    'SwSTEP 2.0',
    'SolidWorks 2021',
    '' );
FILE_SCHEMA (( 'AUTOMOTIVE_DESIGN' ));
ENDSEC;

DATA;
#1 = CYLINDRICAL_SURFACE ( 'NONE', #314, 1.399999999999999911 ) ;
#2 = CARTESIAN_POINT ( 'NONE',  ( -0.8499999999999997558, 5.500000000000000888, -0.1000000000000000472 ) ) ;
#3 = EDGE_LOOP ( 'NONE', ( #2687, #1779, #498 ) ) ;
#4 = CARTESIAN_POINT ( 'NONE',  ( -2.248304639831316010, 2.735765498689490371, 0.06882185034468185636 ) ) ;
#5 = CARTESIAN_POINT ( 'NONE',  ( -2.249999999999999556, 2.801304834897995644, 0.1000000000000000472 ) ) ;
#6 = EDGE_CURVE ( 'NONE', #570, #1281, #2285, .T. ) ;
#7 = CARTESIAN_POINT ( 'NONE',  ( 0.9925443115726436671, 1.853450665581870327, -0.3420221275192287247 ) ) ;
#8 = DIRECTION ( 'NONE',  ( 0.000000000000000000, 1.000000000000000000, 0.000000000000000000 ) ) ;
#9 = CARTESIAN_POINT ( 'NONE',  ( -1.283105042988613276, 1.935691782520206017, -0.6806841478149182612 ) ) ;
#10 = CARTESIAN_POINT ( 'NONE',  ( -0.8470389322291386192, 1.566787517589365519, -0.1685168436860512708 ) ) ;
#11 = CYLINDRICAL_SURFACE ( 'NONE', #689, 0.2500000000000004996 ) ;
#12 = CARTESIAN_POINT ( 'NONE',  ( 1.250000000000000000, 0.9237604307033957518, 0.000000000000000000 ) ) ;
#13 = CARTESIAN_POINT ( 'NONE',  ( -2.239107175272984751, 2.614404911108485496, -0.1229958289845987790 ) ) ;
#14 = VERTEX_POINT ( 'NONE', #1236 ) ;
#15 = AXIS2_PLACEMENT_3D ( 'NONE', #586, #2262, #1147 ) ;
#16 = CARTESIAN_POINT ( 'NONE',  ( -2.245426812623729784, 2.705777557590617999, 0.1000000000000000472 ) ) ;
#17 = CARTESIAN_POINT ( 'NONE',  ( -2.167683146808940808, 2.417419055837837671, 0.3361419919572959381 ) ) ;
#18 = CARTESIAN_POINT ( 'NONE',  ( 1.400031256420308345, 1.793331547435763618, -0.5590647549830821683 ) ) ;
#19 = UNCERTAINTY_MEASURE_WITH_UNIT (LENGTH_MEASURE( 1.000000000000000082E-05 ), #2184, 'distance_accuracy_value', 'NONE');
#20 = CARTESIAN_POINT ( 'NONE',  ( -1.987436202841508237, 1.468830940709419108, 0.3420052851429721263 ) ) ;
#21 = CARTESIAN_POINT ( 'NONE',  ( -1.069426564618534581, 1.812782735929179712, -0.2169243967962332098 ) ) ;
#22 = CARTESIAN_POINT ( 'NONE',  ( 0.9585233773960704085, 1.849567779152452074, 0.2469863511010409740 ) ) ;
#23 = ORIENTED_EDGE ( 'NONE', *, *, #2219, .T. ) ;
#24 = FACE_OUTER_BOUND ( 'NONE', #285, .T. ) ;
#25 = CARTESIAN_POINT ( 'NONE',  ( -2.171212956649643644, 2.832208004397236856, 0.5662956288420950557 ) ) ;
#26 = DIRECTION ( 'NONE',  ( 1.000000000000000000, 0.000000000000000000, 0.000000000000000000 ) ) ;
#27 = CARTESIAN_POINT ( 'NONE',  ( 2.249999999999999556, 2.801304834897995644, 5.421010862427522170E-17 ) ) ;
#28 = CARTESIAN_POINT ( 'NONE',  ( -1.303872184123732847, 0.9237604307033966400, 0.1959039938370446821 ) ) ;
#29 = CARTESIAN_POINT ( 'NONE',  ( -2.236280944505454560, 2.640533905716051954, -0.1658685392239176437 ) ) ;
#30 = CARTESIAN_POINT ( 'NONE',  ( 1.355498060411875594, 1.962111294352343549, 0.7170052697436715139 ) ) ;
#31 = CIRCLE ( 'NONE', #1670, 0.9999999999999997780 ) ;
#32 = ADVANCED_FACE ( 'NONE', ( #2079 ), #2202, .F. ) ;
#33 = ORIENTED_EDGE ( 'NONE', *, *, #1177, .F. ) ;
#34 = VECTOR ( 'NONE', #1448, 1000.000000000000000 ) ;
#35 = DIRECTION ( 'NONE',  ( 0.000000000000000000, 0.000000000000000000, 1.000000000000000000 ) ) ;
#36 = CARTESIAN_POINT ( 'NONE',  ( 2.500000000000000444, -6.999999999999999112, 0.2500000000000003886 ) ) ;
#37 = ORIENTED_EDGE ( 'NONE', *, *, #2624, .F. ) ;
#38 = CARTESIAN_POINT ( 'NONE',  ( 0.9399224806201544880, 1.850593558024074214, -0.2118859317458439140 ) ) ;
#39 = B_SPLINE_CURVE_WITH_KNOTS ( 'NONE', 3,
 ( #2452, #1842, #1417, #2484, #142, #2686, #2284, #2512, #2714, #1619, #1465, #1017, #1031, #2673, #1605, #1235, #2065, #1827 ),
 .UNSPECIFIED., .F., .F.,
 ( 4, 2, 2, 2, 2, 2, 2, 2, 4 ),
 ( 0.000000000000000000, 0.0002546204017145607570, 0.0005092408034291215141, 0.0007638612051436821085, 0.001018481606858242594, 0.001273102008572803623, 0.001527722410287364867, 0.001782342812001926112, 0.002036963213716487357 ),
 .UNSPECIFIED. ) ;
#40 = CARTESIAN_POINT ( 'NONE',  ( 1.842216073901784545, 2.198274831150607955, 0.7101601194352369362 ) ) ;
#41 = LINE ( 'NONE', #1729, #240 ) ;
#42 = DIRECTION ( 'NONE',  ( 0.000000000000000000, 0.000000000000000000, 1.000000000000000000 ) ) ;
#43 = CARTESIAN_POINT ( 'NONE',  ( -2.249983628955268156, 2.795582787934528302, -0.006026728960719221484 ) ) ;
#44 = ORIENTED_EDGE ( 'NONE', *, *, #1173, .F. ) ;
#45 = ADVANCED_FACE ( 'NONE', ( #252 ), #2153, .T. ) ;
#46 = CARTESIAN_POINT ( 'NONE',  ( -2.245958496447496788, 2.802896944141136437, 0.2221925516358932984 ) ) ;
#47 = CARTESIAN_POINT ( 'NONE',  ( -1.949997995286733898, 2.917704740325023582, -0.9709143547718280809 ) ) ;
#48 = EDGE_LOOP ( 'NONE', ( #1397, #1833, #1096 ) ) ;
#49 = ORIENTED_EDGE ( 'NONE', *, *, #1129, .T. ) ;
#50 = CARTESIAN_POINT ( 'NONE',  ( 1.250000000000000222, 1.240239266662187756, -0.1142618748669499834 ) ) ;
#51 = CIRCLE ( 'NONE', #503, 0.5499999999999994893 ) ;
#52 = CIRCLE ( 'NONE', #1732, 1.399999999999999911 ) ;
#53 = CARTESIAN_POINT ( 'NONE',  ( 1.664898520830071060, 1.950008883233911527, 0.6480178623115868675 ) ) ;
#54 = FILL_AREA_STYLE_COLOUR ( '', #325 ) ;
#55 = CARTESIAN_POINT ( 'NONE',  ( 0.9344658253943426418, 1.852779617638340204, -0.1378174673217965329 ) ) ;
#56 = CARTESIAN_POINT ( 'NONE',  ( -1.091515005247954528, 1.728259573402001870, -0.1017683044562217032 ) ) ;
#57 = AXIS2_PLACEMENT_3D ( 'NONE', #2450, #140, #1208 ) ;
#58 = VERTEX_POINT ( 'NONE', #1303 ) ;
#59 = EDGE_LOOP ( 'NONE', ( #1594, #754, #643, #1477 ) ) ;
#60 = EDGE_CURVE ( 'NONE', #245, #1281, #538, .T. ) ;
#61 = CARTESIAN_POINT ( 'NONE',  ( -0.8499999999999996447, 3.317712699598606374, -1.500000000000000000 ) ) ;
#62 = CARTESIAN_POINT ( 'NONE',  ( 1.596045986162478947, 3.050966421978364096, 1.296908506068363609 ) ) ;
#63 = ORIENTED_EDGE ( 'NONE', *, *, #2439, .F. ) ;
#64 = CIRCLE ( 'NONE', #1834, 0.2500000000000003886 ) ;
#65 = CARTESIAN_POINT ( 'NONE',  ( 1.987436202841508237, 1.468830940709419108, -0.3420052851429714602 ) ) ;
#66 = FACE_OUTER_BOUND ( 'NONE', #1626, .T. ) ;
#67 = CARTESIAN_POINT ( 'NONE',  ( 2.245176429993605449, 2.686470453411701431, -0.07582886964833691901 ) ) ;
#68 = DIRECTION ( 'NONE',  ( 0.000000000000000000, 1.000000000000000000, 0.000000000000000000 ) ) ;
#69 = EDGE_CURVE ( 'NONE', #703, #1413, #375, .T. ) ;
#70 = CARTESIAN_POINT ( 'NONE',  ( 2.180505923057410644, 1.521684076891915094, -0.6440639338018896431 ) ) ;
#71 = DIRECTION ( 'NONE',  ( 0.8660254037844412611, 0.4999999999999957256, 0.000000000000000000 ) ) ;
#72 = ORIENTED_EDGE ( 'NONE', *, *, #966, .T. ) ;
#73 = VERTEX_POINT ( 'NONE', #2545 ) ;
#74 = ORIENTED_EDGE ( 'NONE', *, *, #190, .T. ) ;
#75 = AXIS2_PLACEMENT_3D ( 'NONE', #2321, #436, #1276 ) ;
#76 = CLOSED_SHELL ( 'NONE', ( #653, #699, #286, #861, #2166, #2083, #1186, #2364, #1817, #45 ) ) ;
#77 = CARTESIAN_POINT ( 'NONE',  ( -1.005811988865751516, 3.263632342672153186, -1.499999999999999778 ) ) ;
#78 = DIRECTION ( 'NONE',  ( 0.000000000000000000, 1.000000000000000000, 0.000000000000000000 ) ) ;
#79 = CARTESIAN_POINT ( 'NONE',  ( 2.250000000000000000, 4.100000000000000533, 0.1000000000000000472 ) ) ;
#80 = ORIENTED_EDGE ( 'NONE', *, *, #2426, .T. ) ;
#81 = VERTEX_POINT ( 'NONE', #1712 ) ;
#82 = CARTESIAN_POINT ( 'NONE',  ( 1.303872184123732847, 0.9237604307033966400, 0.1959039938370446821 ) ) ;
#83 = CARTESIAN_POINT ( 'NONE',  ( 2.130308757913956796, 2.432461020466361479, 0.4524489265358320189 ) ) ;
#84 = CARTESIAN_POINT ( 'NONE',  ( 2.245426812623737334, 2.705777557590696603, -0.1000000000000000472 ) ) ;
#85 = CIRCLE ( 'NONE', #2381, 1.399999999999999911 ) ;
#86 = EDGE_CURVE ( 'NONE', #1766, #2179, #2128, .T. ) ;
#87 = CARTESIAN_POINT ( 'NONE',  ( 0.8499999999999996447, 3.317712699598606374, -1.500000000000000000 ) ) ;
#88 = CYLINDRICAL_SURFACE ( 'NONE', #1224, 1.399999999999999911 ) ;
#89 = B_SPLINE_CURVE_WITH_KNOTS ( 'NONE', 3,
 ( #1060, #2121, #1692, #2106 ),
 .UNSPECIFIED., .F., .F.,
 ( 4, 4 ),
 ( 2.710505431213760784E-20, 0.0002000000000000000638 ),
 .UNSPECIFIED. ) ;
#90 = CARTESIAN_POINT ( 'NONE',  ( -0.8757541643606157056, 3.135716983060533369, 1.500000000000000222 ) ) ;
#91 = CARTESIAN_POINT ( 'NONE',  ( 0.8731522452834229453, 3.154414061634388755, 1.499999999999999778 ) ) ;
#92 = ORIENTED_EDGE ( 'NONE', *, *, #751, .F. ) ;
#93 = CARTESIAN_POINT ( 'NONE',  ( -2.245426812625949786, 2.705777557613748829, 0.09999999999999083233 ) ) ;
#94 = ORIENTED_EDGE ( 'NONE', *, *, #1419, .T. ) ;
#95 = ORIENTED_EDGE ( 'NONE', *, *, #1845, .F. ) ;
#96 = DIRECTION ( 'NONE',  ( 0.000000000000000000, -0.000000000000000000, -1.000000000000000000 ) ) ;
#97 = AXIS2_PLACEMENT_3D ( 'NONE', #2118, #2549, #1909 ) ;
#98 = DIRECTION ( 'NONE',  ( 0.000000000000000000, 1.000000000000000000, 0.000000000000000000 ) ) ;
#99 =( NAMED_UNIT ( * ) SI_UNIT ( $, .STERADIAN. ) SOLID_ANGLE_UNIT ( ) );
#100 = CARTESIAN_POINT ( 'NONE',  ( -1.594961240310076800, 2.325949196461034152, 0.8977790601984482199 ) ) ;
#101 = CARTESIAN_POINT ( 'NONE',  ( 0.9386300471259730882, 2.325852777518716330, -1.136047985878560151 ) ) ;
#102 = AXIS2_PLACEMENT_3D ( 'NONE', #2548, #1500, #2171 ) ;
#103 = AXIS2_PLACEMENT_3D ( 'NONE', #1112, #719, #2407 ) ;
#104 = DIRECTION ( 'NONE',  ( 0.000000000000000000, 0.6245813303417399043, -0.7809597696351217033 ) ) ;
#105 = CARTESIAN_POINT ( 'NONE',  ( -2.249999999999999556, 2.801304834897995644, 1.500000000000000000 ) ) ;
#106 = ORIENTED_EDGE ( 'NONE', *, *, #1756, .F. ) ;
#107 = SPHERICAL_SURFACE ( 'NONE', #965, 1.399999999999999911 ) ;
#108 = CARTESIAN_POINT ( 'NONE',  ( 1.081241156978707929, 1.736973581301874958, 0.07001649453755080799 ) ) ;
#109 = B_SPLINE_CURVE_WITH_KNOTS ( 'NONE', 3,
 ( #1024, #2506, #631, #2292 ),
 .UNSPECIFIED., .F., .F.,
 ( 4, 4 ),
 ( 7.231660234249313412E-05, 0.0001445300754135206975 ),
 .UNSPECIFIED. ) ;
#110 = CARTESIAN_POINT ( 'NONE',  ( -1.859150133783971981, 2.952282563204446930, 1.074843829349160451 ) ) ;
#111 = CARTESIAN_POINT ( 'NONE',  ( -2.200000000000001510, 0.000000000000000000, 0.000000000000000000 ) ) ;
#112 = CARTESIAN_POINT ( 'NONE',  ( -1.303872184123733291, 0.9237604307033963069, -0.1959039938370446543 ) ) ;
#113 = CARTESIAN_POINT ( 'NONE',  ( 0.8917098794748475887, 2.995282733858121382, -1.474643551599989832 ) ) ;
#114 = ORIENTED_EDGE ( 'NONE', *, *, #2165, .F. ) ;
#115 = EDGE_CURVE ( 'NONE', #2120, #1196, #2372, .T. ) ;
#116 = CARTESIAN_POINT ( 'NONE',  ( -1.355730726509137174, 1.962199666016743116, 0.7171092201912728781 ) ) ;
#117 =( NAMED_UNIT ( * ) SI_UNIT ( $, .STERADIAN. ) SOLID_ANGLE_UNIT ( ) );
#118 = EDGE_CURVE ( 'NONE', #1612, #2002, #1753, .T. ) ;
#119 = CARTESIAN_POINT ( 'NONE',  ( -2.249999999999999556, 2.801304834897995200, 2.730029612379176171E-17 ) ) ;
#120 = CIRCLE ( 'NONE', #705, 0.2999999999999999334 ) ;
#121 = ORIENTED_EDGE ( 'NONE', *, *, #190, .F. ) ;
#122 = CARTESIAN_POINT ( 'NONE',  ( 1.010750457828064830, 1.828212831586366383, 0.02780028011961217793 ) ) ;
#123 = LINE ( 'NONE', #2431, #450 ) ;
#124 = CARTESIAN_POINT ( 'NONE',  ( 2.250000000000000000, 4.100000000000000533, -1.500000000000000000 ) ) ;
#125 = CARTESIAN_POINT ( 'NONE',  ( -2.249999999999999112, 2.142570782904941851, 0.1630739033063970111 ) ) ;
#126 = CARTESIAN_POINT ( 'NONE',  ( 1.026476941706516266, 3.100355114464143025, -1.496460917271238866 ) ) ;
#127 = ORIENTED_EDGE ( 'NONE', *, *, #751, .T. ) ;
#128 = CARTESIAN_POINT ( 'NONE',  ( -2.249999999999999556, 2.801304834897995644, 5.421010862427522170E-17 ) ) ;
#129 = EDGE_CURVE ( 'NONE', #1640, #2056, #64, .T. ) ;
#130 = EDGE_CURVE ( 'NONE', #281, #1133, #1048, .T. ) ;
#131 = LINE ( 'NONE', #2177, #1804 ) ;
#132 = CARTESIAN_POINT ( 'NONE',  ( 0.9431830771014924064, 2.065820072004445063, -0.8536659788657848802 ) ) ;
#133 = EDGE_LOOP ( 'NONE', ( #573, #919, #2203 ) ) ;
#134 = CARTESIAN_POINT ( 'NONE',  ( 1.500000000000001332, 0.9237604307033951967, 0.2773108145302787819 ) ) ;
#135 = ORIENTED_EDGE ( 'NONE', *, *, #1664, .T. ) ;
#136 = CARTESIAN_POINT ( 'NONE',  ( 0.9344387235402257241, 1.852784554691524477, 0.1377255678382117987 ) ) ;
#137 = CARTESIAN_POINT ( 'NONE',  ( 1.500000000000000222, 0.9237604307033961959, -0.2773108145302790595 ) ) ;
#138 = ORIENTED_EDGE ( 'NONE', *, *, #60, .F. ) ;
#139 = CARTESIAN_POINT ( 'NONE',  ( 1.348845459618108533, 1.895669497163440687, 0.5899961345589163075 ) ) ;
#140 = DIRECTION ( 'NONE',  ( -0.8660254037844413721, 0.4999999999999956701, 0.000000000000000000 ) ) ;
#141 = CARTESIAN_POINT ( 'NONE',  ( 0.8499999999999992006, -1.031250000000000000, 1.500000000000000000 ) ) ;
#142 = CARTESIAN_POINT ( 'NONE',  ( -1.303442305213958319, 1.748123446213796006, 0.4833832706884296782 ) ) ;
#143 = FILL_AREA_STYLE_COLOUR ( '', #1006 ) ;
#144 = CARTESIAN_POINT ( 'NONE',  ( 2.130494316276253297, 2.432686370289154354, -0.4521272645198218254 ) ) ;
#145 = AXIS2_PLACEMENT_3D ( 'NONE', #1549, #467, #2391 ) ;
#146 = EDGE_CURVE ( 'NONE', #2224, #713, #1623, .T. ) ;
#147 = CARTESIAN_POINT ( 'NONE',  ( -1.795461907857530903, 2.976346084275545145, -1.136047984956479295 ) ) ;
#148 = CARTESIAN_POINT ( 'NONE',  ( 0.9399224806201569304, 1.850593558024078211, 0.09999999999506427317 ) ) ;
#150 = EDGE_CURVE ( 'NONE', #2375, #2179, #786, .T. ) ;
#149 = VERTEX_POINT ( 'NONE', #1520 ) ;
#151 = DIRECTION ( 'NONE',  ( 0.000000000000000000, 0.6245813303694810470, 0.7809597696129354505 ) ) ;
#152 = ORIENTED_EDGE ( 'NONE', *, *, #891, .T. ) ;
#153 = CARTESIAN_POINT ( 'NONE',  ( 1.091574913785358536, 1.728220999492888543, 0.1019431800544575994 ) ) ;
#154 = CARTESIAN_POINT ( 'NONE',  ( -1.239755262984134410, 1.722779035346800214, 0.4094997768196866339 ) ) ;
#155 = ORIENTED_EDGE ( 'NONE', *, *, #651, .F. ) ;
#156 = CARTESIAN_POINT ( 'NONE',  ( -1.451552630093223994, 3.104071437307991843, 1.373697690273134375 ) ) ;
#157 = CARTESIAN_POINT ( 'NONE',  ( -0.9256378996656943192, 2.612458039237325114, -1.340316979899588423 ) ) ;
#158 = CARTESIAN_POINT ( 'NONE',  ( -0.9399224806201544880, 1.850593558024074214, 0.2118859317458442471 ) ) ;
#159 = DIRECTION ( 'NONE',  ( -0.4999999999999960032, -0.8660254037844408170, 0.000000000000000000 ) ) ;
#160 = CARTESIAN_POINT ( 'NONE',  ( 2.099559262276243121, 2.860111371230860122, 0.7383114977910640864 ) ) ;
#161 = CARTESIAN_POINT ( 'NONE',  ( -2.250000000000001332, 1.423307590889732799, -0.09999999998836978099 ) ) ;
#162 = ORIENTED_EDGE ( 'NONE', *, *, #2526, .T. ) ;
#163 = CARTESIAN_POINT ( 'NONE',  ( -2.500000000000000444, -1.734723475976807094E-15, 0.2500000000000003886 ) ) ;
#164 = CARTESIAN_POINT ( 'NONE',  ( 1.206212186433664790, 1.560146343067501773, -1.760788310003754751E-18 ) ) ;
#165 = CARTESIAN_POINT ( 'NONE',  ( 1.295983361691202429, 1.807610384529080294, -0.4881065764488993208 ) ) ;
#166 = CLOSED_SHELL ( 'NONE', ( #448, #1390, #1668, #2324, #2030, #1585, #1485, #2046, #1198, #1401, #1639, #895, #1733, #2652, #1544, #1949, #2574, #2149, #2601, #1021, #2730, #2335, #495, #484, #1587, #317, #846, #2585, #624, #272, #529, #1948, #766, #2157, #2367, #2312, #2598, #391, #32, #898, #2225, #582, #569, #1535, #1462, #1457, #407, #2084 ) ) ;
#167 = CARTESIAN_POINT ( 'NONE',  ( -0.9299882062258250093, 2.534929708685037753, 1.296908504224229430 ) ) ;
#168 = DIRECTION ( 'NONE',  ( 1.000000000000000000, 7.744301232039315449E-17, 0.000000000000000000 ) ) ;
#169 = CARTESIAN_POINT ( 'NONE',  ( -2.250000001003905403, 2.766250719508156042, -0.02949218973363278845 ) ) ;
#170 = CARTESIAN_POINT ( 'NONE',  ( -0.9200343683268397132, 1.857010655105838737, -0.06666584465305129548 ) ) ;
#171 = VERTEX_POINT ( 'NONE', #471 ) ;
#172 = EDGE_CURVE ( 'NONE', #2179, #2667, #41, .T. ) ;
#173 = CARTESIAN_POINT ( 'NONE',  ( 2.210753290671715110, 2.816833931120210188, 0.4790912219197336341 ) ) ;
#174 = CARTESIAN_POINT ( 'NONE',  ( -1.466305015389630650, 2.520416353257489916, -1.434636619862575513 ) ) ;
#175 = CARTESIAN_POINT ( 'NONE',  ( 2.250000000000001776, 2.801304834897999640, 0.09999999999506427317 ) ) ;
#176 = CARTESIAN_POINT ( 'NONE',  ( -0.9399549444228643136, 1.851779477781937411, 0.1564256359874431068 ) ) ;
#177 = CARTESIAN_POINT ( 'NONE',  ( 1.024106144412978647, 1.823631398749718802, 0.08318468573960421941 ) ) ;
#178 = CARTESIAN_POINT ( 'NONE',  ( -0.9592823564892886123, 1.849477376734590006, 0.2506879952767488429 ) ) ;
#179 = B_SPLINE_CURVE_WITH_KNOTS ( 'NONE', 3,
 ( #1058, #1316, #2156, #262, #1109, #1945, #47, #1736, #2584, #702, #486, #1690 ),
 .UNSPECIFIED., .F., .F.,
 ( 4, 2, 2, 2, 2, 4 ),
 ( -7.655314483593570534E-06, 0.0005584294012147225129, 0.001124514116913038564, 0.001407556474762196698, 0.001690598832611354616, 0.002256683548309670450 ),
 .UNSPECIFIED. ) ;
#180 = ORIENTED_EDGE ( 'NONE', *, *, #2557, .F. ) ;
#181 = ORIENTED_EDGE ( 'NONE', *, *, #1369, .F. ) ;
#182 = CARTESIAN_POINT ( 'NONE',  ( -2.034897500849258023, 2.885123123680087165, 0.8527041171124750685 ) ) ;
#183 = DIRECTION ( 'NONE',  ( 1.000000000000000000, 0.000000000000000000, 0.000000000000000000 ) ) ;
#184 = CARTESIAN_POINT ( 'NONE',  ( 2.249983628955268156, 2.795582787934565605, 0.006026728960815477820 ) ) ;
#185 = CARTESIAN_POINT ( 'NONE',  ( -1.081241156978708151, 1.736973581301874514, -0.07001649453754994756 ) ) ;
#186 = ORIENTED_EDGE ( 'NONE', *, *, #1403, .T. ) ;
#187 = EDGE_LOOP ( 'NONE', ( #1600, #2542, #1651, #1563, #1685, #462, #419 ) ) ;
#188 = CARTESIAN_POINT ( 'NONE',  ( 0.000000000000000000, -1.031250000000000000, 0.1000000000000000472 ) ) ;
#189 = CARTESIAN_POINT ( 'NONE',  ( -2.245426812625837432, 2.705777557612581763, -0.1000000000000086237 ) ) ;
#190 = EDGE_CURVE ( 'NONE', #1413, #2496, #1982, .T. ) ;
#191 = CARTESIAN_POINT ( 'NONE',  ( -1.451552630093534857, 3.104071437307912351, -1.373697690273003369 ) ) ;
#192 = VECTOR ( 'NONE', #2005, 1000.000000000000000 ) ;
#193 = CARTESIAN_POINT ( 'NONE',  ( -2.200000000000001510, 0.000000000000000000, 0.000000000000000000 ) ) ;
#194 = CARTESIAN_POINT ( 'NONE',  ( 2.500000000000000444, -1.734723475976807094E-15, -0.2500000000000003886 ) ) ;
#195 = AXIS2_PLACEMENT_3D ( 'NONE', #1693, #1886, #1494 ) ;
#196 = CARTESIAN_POINT ( 'NONE',  ( -1.355093874634628603, 1.961927553586752415, -0.7169617146381782602 ) ) ;
#197 = CARTESIAN_POINT ( 'NONE',  ( -0.9924449380257394093, 1.853412108938226055, 0.3420063497656436469 ) ) ;
#198 = EDGE_CURVE ( 'NONE', #1960, #401, #684, .T. ) ;
#199 = CIRCLE ( 'NONE', #57, 0.2500000000000003886 ) ;
#200 = CARTESIAN_POINT ( 'NONE',  ( 0.9257705226149720579, 1.855170880945327339, 0.1000000000000000472 ) ) ;
#201 = CARTESIAN_POINT ( 'NONE',  ( 2.249994636232158562, 2.796875746072229774, 0.002947260728878846325 ) ) ;
#202 = CARTESIAN_POINT ( 'NONE',  ( -2.244505259967080057, 2.696174664533369736, 0.08788221932354753352 ) ) ;
#203 = CARTESIAN_POINT ( 'NONE',  ( -0.9170338199822923864, 1.857958461760535585, 0.03333333333333808601 ) ) ;
#204 = EDGE_CURVE ( 'NONE', #1341, #1531, #1770, .T. ) ;
#205 = ORIENTED_EDGE ( 'NONE', *, *, #2115, .F. ) ;
#206 = CARTESIAN_POINT ( 'NONE',  ( 0.9399549444228517681, 1.851779477781481553, -0.1564256359766395543 ) ) ;
#207 = CARTESIAN_POINT ( 'NONE',  ( -1.287445645392401250, 1.741770241211475057, -0.4661598350449044914 ) ) ;
#208 =( BOUNDED_SURFACE ( )  B_SPLINE_SURFACE ( 3, 2, ( 
 ( #802, #607, #973 ),
 ( #2464, #574, #1207 ),
 ( #2249, #2048, #589 ),
 ( #156, #1430, #1000 ),
 ( #1220, #2062, #167 ),
 ( #1014, #1444, #1162 ),
 ( #110, #959, #757 ),
 ( #543, #1383, #2583 ),
 ( #182, #892, #882 ),
 ( #1944, #1922, #1326 ),
 ( #1307, #1714, #1869 ),
 ( #25, #1028, #395 ),
 ( #2143, #1929, #411 ),
 ( #1724, #1108, #2712 ),
 ( #460, #2594, #1735 ),
 ( #46, #1245, #273 ),
 ( #2561, #2297, #473 ),
 ( #903, #261, #2571 ) ),
 .UNSPECIFIED., .F., .F., .T. ) 
 B_SPLINE_SURFACE_WITH_KNOTS ( ( 4, 2, 2, 2, 2, 2, 2, 2, 4 ),
 ( 3, 3 ),
 ( -4.037673387228410509E-06, 0.0002032339885766720311, 0.0004105056505405724481, 0.0005141414815225226701, 0.0006177773125044728380, 0.0006695952279954478677, 0.0007214131434864230058, 0.0007732310589773981439, 0.0008250489744683732821 ),
 ( 0.000000000000000000, 1.000000000000000000 ),
 .UNSPECIFIED. ) 
 GEOMETRIC_REPRESENTATION_ITEM ( )  RATIONAL_B_SPLINE_SURFACE ( (
 ( 1.000000000000000000, 1.000000000000000000, 1.000000000000000000),
 ( 1.000000000000000000, 0.9999403429167491586, 1.000000000000000000),
 ( 1.000000000000000000, 0.9890807004938244607, 1.000000000000000000),
 ( 1.000000000000000000, 0.9451360809697497700, 1.000000000000000000),
 ( 1.000000000000000000, 0.9113588162808669013, 1.000000000000000000),
 ( 1.000000000000000000, 0.8442088516155251687, 1.000000000000000000),
 ( 1.000000000000000000, 0.8191127031952569748, 1.000000000000000000),
 ( 1.000000000000000000, 0.7640165771747149392, 1.000000000000000000),
 ( 1.000000000000000000, 0.7345772213219878832, 1.000000000000000000),
 ( 1.000000000000000000, 0.6906696745513388747, 1.000000000000000000),
 ( 1.000000000000000000, 0.6760073490667063423, 1.000000000000000000),
 ( 1.000000000000000000, 0.6482360136750028312, 1.000000000000000000),
 ( 1.000000000000000000, 0.6353018092880539092, 1.000000000000000000),
 ( 1.000000000000000000, 0.6129510309443421123, 1.000000000000000000),
 ( 1.000000000000000000, 0.6035087897147388691, 1.000000000000000000),
 ( 1.000000000000000000, 0.5907534741446038851, 1.000000000000000000),
 ( 1.000000000000000000, 0.5873254474410802839, 1.000000000000000000),
 ( 1.000000000000000000, 0.5873340108576017293, 1.000000000000000000) ) ) 
 REPRESENTATION_ITEM ( '' )  SURFACE ( )  );
#209 = AXIS2_PLACEMENT_3D ( 'NONE', #225, #2569, #1092 ) ;
#210 = EDGE_LOOP ( 'NONE', ( #1542, #1140 ) ) ;
#211 = CARTESIAN_POINT ( 'NONE',  ( -0.9404626183692649244, 1.871137641489666104, -0.3416884472143447149 ) ) ;
#212 = CARTESIAN_POINT ( 'NONE',  ( 2.249999999999998668, 2.769498556090779662, -0.03350096048474085486 ) ) ;
#213 = CARTESIAN_POINT ( 'NONE',  ( 0.8499999999999996447, 5.500000000000000888, 1.500000000000000000 ) ) ;
#214 = EDGE_CURVE ( 'NONE', #58, #2480, #1808, .T. ) ;
#215 = CARTESIAN_POINT ( 'NONE',  ( -2.169348688575006623, 2.482309731236423733, -0.3796280264132948501 ) ) ;
#216 = DIRECTION ( 'NONE',  ( -9.637352644315594010E-17, -1.000000000000000000, -0.000000000000000000 ) ) ;
#217 = ORIENTED_EDGE ( 'NONE', *, *, #351, .T. ) ;
#218 = CARTESIAN_POINT ( 'NONE',  ( -1.800000000000000488, 0.9237604307033959739, 0.000000000000000000 ) ) ;
#219 = STYLED_ITEM ( 'NONE', ( #963 ), #382 ) ;
#220 = CARTESIAN_POINT ( 'NONE',  ( -2.250000000000000000, 2.801304834897983209, 5.261512782535094202E-14 ) ) ;
#221 = CARTESIAN_POINT ( 'NONE',  ( 1.069426564618218611, 1.812782735929213684, -0.2169243967961617114 ) ) ;
#222 = EDGE_LOOP ( 'NONE', ( #360, #2442, #464, #106, #1131 ) ) ;
#223 = CARTESIAN_POINT ( 'NONE',  ( 1.988180326650738072, 2.291179373428179122, -0.6354335957757285547 ) ) ;
#224 = CARTESIAN_POINT ( 'NONE',  ( -0.9925443115727625720, 1.853450665581897194, -0.3420221275196188571 ) ) ;
#225 = CARTESIAN_POINT ( 'NONE',  ( -1.650000000000002132, 0.6639528095680637954, 0.000000000000000000 ) ) ;
#226 = CARTESIAN_POINT ( 'NONE',  ( 1.539734998555357004, 3.071868143022934650, -1.331396904683058491 ) ) ;
#227 = LINE ( 'NONE', #1568, #341 ) ;
#228 = TOROIDAL_SURFACE ( 'NONE', #2123, 0.2999999999999999334, 0.2500000000000003886 ) ;
#229 = CARTESIAN_POINT ( 'NONE',  ( 0.8499999999999992006, -1.031250000000000000, 0.1000000000000000472 ) ) ;
#230 = CARTESIAN_POINT ( 'NONE',  ( 0.9401661372553553608, 1.859517016342057794, 0.3404237551698250930 ) ) ;
#231 = ORIENTED_EDGE ( 'NONE', *, *, #1168, .T. ) ;
#232 = CARTESIAN_POINT ( 'NONE',  ( -2.500000000000000444, -6.999999999999999112, 0.000000000000000000 ) ) ;
#233 = B_SPLINE_CURVE_WITH_KNOTS ( 'NONE', 3,
 ( #1658, #2508, #1229, #2294, #408, #2088, #196, #1041, #1882, #1674, #1474, #423, #215, #1896, #1689, #2535, #451, #2130 ),
 .UNSPECIFIED., .F., .F.,
 ( 4, 2, 2, 2, 2, 2, 2, 2, 4 ),
 ( 1.741569325381864037E-16, 0.0002769284269569711500, 0.0005538568539137680687, 0.0008307852808705650958, 0.001107713707827362015, 0.001661570561740954768, 0.001938498988697751361, 0.002076963202176149333, 0.002215427415654547521 ),
 .UNSPECIFIED. ) ;
#234 = CARTESIAN_POINT ( 'NONE',  ( -2.130308757916682172, 2.432461020469660617, 0.4524489265312491293 ) ) ;
#235 = CARTESIAN_POINT ( 'NONE',  ( 0.9594449156065599782, 1.849458015034153524, -0.2514808371512762264 ) ) ;
#236 = ORIENTED_EDGE ( 'NONE', *, *, #1331, .T. ) ;
#237 = CARTESIAN_POINT ( 'NONE',  ( -1.295983361691202429, 1.807610384529080294, -0.4881065764488993208 ) ) ;
#238 = CARTESIAN_POINT ( 'NONE',  ( -2.131044848463076402, 2.361585643985271155, -0.3988243063358472007 ) ) ;
#239 = CARTESIAN_POINT ( 'NONE',  ( 1.303442305212860308, 1.748123446213334375, 0.4833832706873672502 ) ) ;
#240 = VECTOR ( 'NONE', #1953, 1000.000000000000000 ) ;
#241 = CARTESIAN_POINT ( 'NONE',  ( 1.950006890572445695, 2.917701338459963711, -0.9709029670628317454 ) ) ;
#242 = CIRCLE ( 'NONE', #1912, 0.2500000000000003886 ) ;
#243 = DIRECTION ( 'NONE',  ( -1.000000000000000000, 0.000000000000000000, 0.000000000000000000 ) ) ;
#244 = CARTESIAN_POINT ( 'NONE',  ( 0.000000000000000000, -1.031250000000000000, 0.1000000000000000472 ) ) ;
#245 = VERTEX_POINT ( 'NONE', #447 ) ;
#246 = AXIS2_PLACEMENT_3D ( 'NONE', #306, #2466, #1990 ) ;
#247 = CARTESIAN_POINT ( 'NONE',  ( -0.9399549444228513240, 1.851779477781445582, -0.1564256359757637549 ) ) ;
#248 = CIRCLE ( 'NONE', #103, 0.2999999999999998779 ) ;
#249 = CARTESIAN_POINT ( 'NONE',  ( -2.134190470159908148, 2.107195210869636348, -0.4881065764488982661 ) ) ;
#250 = CARTESIAN_POINT ( 'NONE',  ( -2.033799139081925222, 2.336961361659061875, -0.5758245394123585603 ) ) ;
#251 = CARTESIAN_POINT ( 'NONE',  ( -0.8499999999999996447, 5.500000000000000888, 1.500000000000000000 ) ) ;
#252 = FACE_OUTER_BOUND ( 'NONE', #2061, .T. ) ;
#253 = CARTESIAN_POINT ( 'NONE',  ( -2.245176429993596123, 2.686470453411610837, -0.07582886964840035438 ) ) ;
#254 = CARTESIAN_POINT ( 'NONE',  ( 0.9399549444228513240, 1.851779477781445582, 0.1564256359757639214 ) ) ;
#255 = VERTEX_POINT ( 'NONE', #2209 ) ;
#256 = CARTESIAN_POINT ( 'NONE',  ( 1.500000000000000666, 0.9237604307033958628, 0.000000000000000000 ) ) ;
#257 = CARTESIAN_POINT ( 'NONE',  ( -1.081117966712989986, 1.953057831234179753, -0.6342078677548265153 ) ) ;
#258 = CARTESIAN_POINT ( 'NONE',  ( 1.846896472831924818, 2.195587391811193889, 0.7269979781750922632 ) ) ;
#259 = CIRCLE ( 'NONE', #1357, 0.2500000000000003886 ) ;
#260 = DIRECTION ( 'NONE',  ( 0.000000000000000000, -0.000000000000000000, 1.000000000000000000 ) ) ;
#261 = CARTESIAN_POINT ( 'NONE',  ( -2.250000000000001776, 1.423307590889730578, 0.09999999999148093122 ) ) ;
#262 = CARTESIAN_POINT ( 'NONE',  ( -1.539715389514145327, 3.071875372668865900, -1.331408294168689554 ) ) ;
#263 = ORIENTED_EDGE ( 'NONE', *, *, #620, .F. ) ;
#264 = AXIS2_PLACEMENT_3D ( 'NONE', #1420, #2255, #1860 ) ;
#265 = CARTESIAN_POINT ( 'NONE',  ( 1.081117966712989764, 1.953057831234179753, 0.6342078677548261822 ) ) ;
#266 = CARTESIAN_POINT ( 'NONE',  ( 1.970737164342976522, 2.247098823243345311, 0.5816863082055088174 ) ) ;
#267 = SURFACE_SIDE_STYLE ('',( #911 ) ) ;
#268 = EDGE_CURVE ( 'NONE', #783, #1013, #2472, .T. ) ;
#269 = CARTESIAN_POINT ( 'NONE',  ( 1.750000000000001110, 0.9237604307033958628, 1.355252715606880543E-17 ) ) ;
#270 = CARTESIAN_POINT ( 'NONE',  ( -0.8499999999999996447, 3.317712699598606374, 1.500000000000000000 ) ) ;
#271 = ORIENTED_EDGE ( 'NONE', *, *, #2296, .F. ) ;
#272 = ADVANCED_FACE ( 'NONE', ( #2196 ), #1242, .T. ) ;
#273 = CARTESIAN_POINT ( 'NONE',  ( -0.9400414244746754244, 1.854806483634895420, 0.2221925517574475095 ) ) ;
#274 = CARTESIAN_POINT ( 'NONE',  ( 2.250000000000000000, 5.500000000000000888, 1.500000000000000000 ) ) ;
#275 = AXIS2_PLACEMENT_3D ( 'NONE', #1075, #1233, #183 ) ;
#276 = CARTESIAN_POINT ( 'NONE',  ( -0.8499999999999997558, 4.100000000000000533, 0.1000000000000000472 ) ) ;
#277 = CARTESIAN_POINT ( 'NONE',  ( 2.248215911422635660, 2.722560861144870614, -0.05220766678805147804 ) ) ;
#278 = CARTESIAN_POINT ( 'NONE',  ( 2.249999999999999556, 2.801304834897995644, -0.1000000000000000472 ) ) ;
#279 = CARTESIAN_POINT ( 'NONE',  ( 1.743956604546149425, 2.136450223857084829, -1.313861253158522535 ) ) ;
#280 = CARTESIAN_POINT ( 'NONE',  ( -0.8499999999999997558, 4.100000000000000533, 1.500000000000000000 ) ) ;
#281 = VERTEX_POINT ( 'NONE', #290 ) ;
#282 = DIRECTION ( 'NONE',  ( 0.000000000000000000, 1.000000000000000000, 0.000000000000000000 ) ) ;
#283 = DIRECTION ( 'NONE',  ( 0.000000000000000000, 0.000000000000000000, 1.000000000000000000 ) ) ;
#284 = LINE ( 'NONE', #1188, #2233 ) ;
#285 = EDGE_LOOP ( 'NONE', ( #312, #635, #930 ) ) ;
#286 = ADVANCED_FACE ( 'NONE', ( #2395 ), #1137, .T. ) ;
#287 = CARTESIAN_POINT ( 'NONE',  ( 1.081241156978586027, 1.736973581301985092, -0.07001649453716000948 ) ) ;
#288 = CARTESIAN_POINT ( 'NONE',  ( 2.163064267295354171, 2.449777256423617100, 0.3581253346787213743 ) ) ;
#289 = FACE_OUTER_BOUND ( 'NONE', #2359, .T. ) ;
#290 = CARTESIAN_POINT ( 'NONE',  ( -1.775000000000001243, 0.8804591605141746102, -3.061616997868387948E-17 ) ) ;
#291 = CARTESIAN_POINT ( 'NONE',  ( -1.096982411943094426, 1.724740828860228836, 0.1177329052108900403 ) ) ;
#292 = EDGE_LOOP ( 'NONE', ( #92, #1620, #1874, #2090, #217, #1783, #1324 ) ) ;
#293 = VERTEX_POINT ( 'NONE', #774 ) ;
#294 = LINE ( 'NONE', #1184, #1854 ) ;
#295 = CARTESIAN_POINT ( 'NONE',  ( 0.9200975500314962918, 2.686599038604894130, 1.373697690947828454 ) ) ;
#297 = EDGE_CURVE ( 'NONE', #2628, #355, #934, .T. ) ;
#296 = VERTEX_POINT ( 'NONE', #347 ) ;
#298 = DIRECTION ( 'NONE',  ( 0.000000000000000000, 0.000000000000000000, 1.000000000000000000 ) ) ;
#299 = ORIENTED_EDGE ( 'NONE', *, *, #769, .F. ) ;
#300 = ORIENTED_EDGE ( 'NONE', *, *, #1908, .T. ) ;
#301 = CARTESIAN_POINT ( 'NONE',  ( 1.295983361691202429, 1.807610384529080294, -0.4881065764488993208 ) ) ;
#302 = CARTESIAN_POINT ( 'NONE',  ( 2.219682767563262882, 2.583998975045891822, 0.2373968596840818068 ) ) ;
#303 = PRODUCT_RELATED_PRODUCT_CATEGORY ( 'part', '', ( #1159 ) ) ;
#304 = CARTESIAN_POINT ( 'NONE',  ( -1.068679564664603454, 1.748765809586254605, 6.677968689947342906E-14 ) ) ;
#305 = AXIS2_PLACEMENT_3D ( 'NONE', #1044, #1523, #701 ) ;
#306 = CARTESIAN_POINT ( 'NONE',  ( 1.800000000000000488, 0.9237604307033959739, 0.000000000000000000 ) ) ;
#307 = CARTESIAN_POINT ( 'NONE',  ( 0.8499999999999998668, 3.317712699598606374, -1.499999999999999778 ) ) ;
#308 = CARTESIAN_POINT ( 'NONE',  ( -2.242016675116249580, 2.670242761556186117, 0.1302477639316478863 ) ) ;
#309 = CARTESIAN_POINT ( 'NONE',  ( 2.250000000000000444, -1.734723475976807094E-15, -3.061616997868389181E-17 ) ) ;
#310 = ORIENTED_EDGE ( 'NONE', *, *, #297, .T. ) ;
#311 = CARTESIAN_POINT ( 'NONE',  ( 1.594961240310076800, 2.325949196461034152, 0.8977790601984482199 ) ) ;
#312 = ORIENTED_EDGE ( 'NONE', *, *, #2115, .T. ) ;
#313 = CARTESIAN_POINT ( 'NONE',  ( 1.041289671169371767, 1.817742933214705259, 0.1328942522287606398 ) ) ;
#314 = AXIS2_PLACEMENT_3D ( 'NONE', #229, #437, #2074 ) ;
#315 = CARTESIAN_POINT ( 'NONE',  ( 1.866165854486925513, 2.092038192822413656, 0.6134760772310070553 ) ) ;
#316 = DIRECTION ( 'NONE',  ( -0.000000000000000000, -0.000000000000000000, 1.000000000000000000 ) ) ;
#317 = ADVANCED_FACE ( 'NONE', ( #1402 ), #1464, .T. ) ;
#318 = CARTESIAN_POINT ( 'NONE',  ( -2.249999999999999556, 2.801304834897995644, 5.421010862427522170E-17 ) ) ;
#319 = PRODUCT_DEFINITION_SHAPE ( 'NONE', 'NONE',  #1862 ) ;
#320 = CARTESIAN_POINT ( 'NONE',  ( 1.979581617652806713, 2.906399953600860897, -0.9323159575529088583 ) ) ;
#321 = DIRECTION ( 'NONE',  ( 1.000000000000000000, 0.000000000000000000, 0.000000000000000000 ) ) ;
#322 = CIRCLE ( 'NONE', #1776, 4.431249999999999467 ) ;
#323 = ORIENTED_EDGE ( 'NONE', *, *, #198, .F. ) ;
#324 = EDGE_CURVE ( 'NONE', #2056, #281, #578, .T. ) ;
#325 = COLOUR_RGB ( '',0.000000000000000000, 0.5882352941176470784, 1.000000000000000000 ) ;
#326 = CARTESIAN_POINT ( 'NONE',  ( -0.9431830771014942938, 2.065820072008500041, 0.8536659788716759456 ) ) ;
#327 = SURFACE_STYLE_FILL_AREA ( #2215 ) ;
#328 = VERTEX_POINT ( 'NONE', #805 ) ;
#329 = FACE_OUTER_BOUND ( 'NONE', #2469, .T. ) ;
#330 = ORIENTED_EDGE ( 'NONE', *, *, #129, .F. ) ;
#331 = CARTESIAN_POINT ( 'NONE',  ( 0.9297228472089918982, 1.853903239892310317, -0.1189148168908014808 ) ) ;
#332 = DIRECTION ( 'NONE',  ( -1.000000000000000000, 0.000000000000000000, 0.000000000000000000 ) ) ;
#333 = CARTESIAN_POINT ( 'NONE',  ( -2.249999999999999112, 2.142570782904941851, 0.000000000000000000 ) ) ;
#334 = CARTESIAN_POINT ( 'NONE',  ( 0.9414143710880528149, 1.914235517309111678, -0.5128949902744071032 ) ) ;
#335 = SURFACE_STYLE_USAGE ( .BOTH. , #1992 ) ;
#336 = CARTESIAN_POINT ( 'NONE',  ( -2.077614770644702347, 1.495248937421257418, 0.000000000000000000 ) ) ;
#337 = CARTESIAN_POINT ( 'NONE',  ( -0.9343549866491975830, 2.451573789253487234, 1.244592123017955521 ) ) ;
#338 = CARTESIAN_POINT ( 'NONE',  ( 0.8499999999999997558, 4.100000000000000533, -1.500000000000000000 ) ) ;
#339 = VERTEX_POINT ( 'NONE', #990 ) ;
#340 = DIRECTION ( 'NONE',  ( 0.9762043058954835706, 0.000000000000000000, 0.2168528375445364642 ) ) ;
#341 = VECTOR ( 'NONE', #1554, 1000.000000000000000 ) ;
#342 = CARTESIAN_POINT ( 'NONE',  ( 0.9200343683267329098, 1.857010655105872488, -0.06666584465208220955 ) ) ;
#343 = ORIENTED_EDGE ( 'NONE', *, *, #2507, .F. ) ;
#344 = CARTESIAN_POINT ( 'NONE',  ( 2.249999999999999556, 2.801304834897994755, 2.710505431213758620E-17 ) ) ;
#345 = DIRECTION ( 'NONE',  ( 0.9881923245753512219, 0.000000000000000000, -0.1532185682297147744 ) ) ;
#346 = CARTESIAN_POINT ( 'NONE',  ( -1.081117966712989764, 1.953057831234179753, 0.6342078677548261822 ) ) ;
#347 = CARTESIAN_POINT ( 'NONE',  ( -2.500000000000000444, -6.999999999999999112, 0.2500000000000003886 ) ) ;
#348 = ORIENTED_EDGE ( 'NONE', *, *, #2379, .T. ) ;
#349 = AXIS2_PLACEMENT_3D ( 'NONE', #364, #399, #577 ) ;
#350 = CARTESIAN_POINT ( 'NONE',  ( 2.235688430501854285, 2.608249825687713574, -0.1366976526669275438 ) ) ;
#351 = EDGE_CURVE ( 'NONE', #1750, #2175, #39, .T. ) ;
#352 = CARTESIAN_POINT ( 'NONE',  ( -1.871038903017012034, 1.958247283470756717, -1.200852315172750373 ) ) ;
#353 = B_SPLINE_CURVE_WITH_KNOTS ( 'NONE', 3,
 ( #2276, #632, #647, #390 ),
 .UNSPECIFIED., .F., .F.,
 ( 4, 4 ),
 ( 8.249287754627521174E-16, 0.0001999999999991751215 ),
 .UNSPECIFIED. ) ;
#354 = CARTESIAN_POINT ( 'NONE',  ( 0.9399549444228517681, 1.851779477781481553, -0.1564256359766395543 ) ) ;
#355 = VERTEX_POINT ( 'NONE', #2300 ) ;
#356 = CARTESIAN_POINT ( 'NONE',  ( 1.096982411943257185, 1.724740828860077846, -0.1177329052112197350 ) ) ;
#357 = CARTESIAN_POINT ( 'NONE',  ( 1.096982411943096203, 1.724740828860226838, 0.1177329052108906232 ) ) ;
#358 = CARTESIAN_POINT ( 'NONE',  ( 1.987436202841508237, 1.468830940709419108, -0.3420052851429714602 ) ) ;
#359 = AXIS2_PLACEMENT_3D ( 'NONE', #2357, #1938, #697 ) ;
#360 = ORIENTED_EDGE ( 'NONE', *, *, #2572, .T. ) ;
#361 = CARTESIAN_POINT ( 'NONE',  ( 2.249999999999999556, 2.801304834897995644, 5.421010862427522170E-17 ) ) ;
#362 = CARTESIAN_POINT ( 'NONE',  ( -0.8499999999999996447, 3.317712699598606374, -1.500000000000000000 ) ) ;
#363 = CARTESIAN_POINT ( 'NONE',  ( -1.500000000000000444, 0.9237604307033957518, 0.000000000000000000 ) ) ;
#364 = CARTESIAN_POINT ( 'NONE',  ( 0.000000000000000000, -1.031250000000000000, -0.1000000000000000472 ) ) ;
#365 = PRODUCT_CONTEXT ( 'NONE', #1513, 'mechanical' ) ;
#366 = ORIENTED_EDGE ( 'NONE', *, *, #2231, .T. ) ;
#367 = AXIS2_PLACEMENT_3D ( 'NONE', #2551, #1493, #1461 ) ;
#368 = CARTESIAN_POINT ( 'NONE',  ( 1.975224440525396030, 2.289351650766296320, -0.6285352892096607302 ) ) ;
#369 = VECTOR ( 'NONE', #316, 1000.000000000000000 ) ;
#370 = CARTESIAN_POINT ( 'NONE',  ( -1.743956604546152755, 2.136450223857084829, -1.313861253158526310 ) ) ;
#371 = CIRCLE ( 'NONE', #1920, 0.2999999999999998779 ) ;
#372 = DIRECTION ( 'NONE',  ( 0.000000000000000000, 0.000000000000000000, -1.000000000000000000 ) ) ;
#373 = ORIENTED_EDGE ( 'NONE', *, *, #2719, .T. ) ;
#374 = DIRECTION ( 'NONE',  ( 0.000000000000000000, 0.000000000000000000, 1.000000000000000000 ) ) ;
#375 = B_SPLINE_CURVE_WITH_KNOTS ( 'NONE', 3,
 ( #2554, #2315, #1270, #1902, #656, #2346, #2139, #2559, #1499, #2314, #1269, #1453, #1850, #239, #1301, #868, #2558, #1101 ),
 .UNSPECIFIED., .F., .F.,
 ( 4, 2, 2, 2, 2, 2, 2, 2, 4 ),
 ( 0.000000000000000000, 0.0002535282185910489507, 0.0005070564371820977930, 0.0007605846557731467438, 0.001014112874364195152, 0.001267641092955243669, 0.001521169311546292187, 0.001774697530137340704, 0.002028225748728389004 ),
 .UNSPECIFIED. ) ;
#376 = CARTESIAN_POINT ( 'NONE',  ( -2.500000000000000444, -1.734723475976807094E-15, 0.000000000000000000 ) ) ;
#377 = CARTESIAN_POINT ( 'NONE',  ( -1.770955406146864863, 2.108208353327118534, 0.6726904432931422040 ) ) ;
#378 = EDGE_CURVE ( 'NONE', #444, #807, #1760, .T. ) ;
#379 = VERTEX_POINT ( 'NONE', #1433 ) ;
#380 = CARTESIAN_POINT ( 'NONE',  ( -2.249999999999999556, 2.801304834897995644, -0.1000000000000000472 ) ) ;
#381 = CARTESIAN_POINT ( 'NONE',  ( 1.917289992482486438, 2.128176644314078381, -0.6063480768535293164 ) ) ;
#382 = ADVANCED_BREP_SHAPE_REPRESENTATION ( 'FG24X7R1A106KRT00', ( #992, #982, #1906, #2560 ), #2682 ) ;
#383 = CARTESIAN_POINT ( 'NONE',  ( -2.234426614979324821, 2.624459311841612852, 0.1512404015895621734 ) ) ;
#384 = CARTESIAN_POINT ( 'NONE',  ( -1.091574913785453793, 1.728220999492727339, -0.1019431800544261524 ) ) ;
#385 = DIRECTION ( 'NONE',  ( 0.000000000000000000, 1.000000000000000000, 0.000000000000000000 ) ) ;
#386 = CARTESIAN_POINT ( 'NONE',  ( -1.979581617652806713, 2.906399953600860897, -0.9323159575529088583 ) ) ;
#387 = CARTESIAN_POINT ( 'NONE',  ( 0.9407675056229294341, 1.883434967046259345, 0.4009142888891262801 ) ) ;
#388 = ORIENTED_EDGE ( 'NONE', *, *, #214, .T. ) ;
#389 = LINE ( 'NONE', #2460, #1621 ) ;
#390 = CARTESIAN_POINT ( 'NONE',  ( 0.9257705226149720579, 1.855170880945327339, 0.1000000000000000472 ) ) ;
#391 = ADVANCED_FACE ( 'NONE', ( #2269 ), #1819, .F. ) ;
#392 = CARTESIAN_POINT ( 'NONE',  ( 1.250000000000000222, 0.9237604307033958628, -0.06544984642750298343 ) ) ;
#393 = CIRCLE ( 'NONE', #75, 0.5500000000000003775 ) ;
#394 = ORIENTED_EDGE ( 'NONE', *, *, #1943, .F. ) ;
#395 = CARTESIAN_POINT ( 'NONE',  ( -0.9417570773446869437, 1.932777915026848703, 0.5662956294281279446 ) ) ;
#396 = CARTESIAN_POINT ( 'NONE',  ( -2.249999999999999556, 2.801304834897995644, 0.000000000000000000 ) ) ;
#397 = EDGE_CURVE ( 'NONE', #2180, #822, #716, .T. ) ;
#398 = CARTESIAN_POINT ( 'NONE',  ( -2.054645223369892637, 2.877513632336356597, 0.8192475395563100227 ) ) ;
#399 = DIRECTION ( 'NONE',  ( -0.000000000000000000, -0.000000000000000000, -1.000000000000000000 ) ) ;
#400 = CARTESIAN_POINT ( 'NONE',  ( -2.249999999999999556, 2.801304834897995644, 1.500000000000000000 ) ) ;
#401 = VERTEX_POINT ( 'NONE', #2238 ) ;
#402 = CARTESIAN_POINT ( 'NONE',  ( 2.249999999999999556, 2.801304834897995644, 0.1000000000000000472 ) ) ;
#403 = CARTESIAN_POINT ( 'NONE',  ( -2.219715103503244524, 2.584090335777368352, -0.2372754118705941717 ) ) ;
#404 = CARTESIAN_POINT ( 'NONE',  ( -0.9400414244746766457, 1.854806483634779735, -0.2221925517562085006 ) ) ;
#405 = CARTESIAN_POINT ( 'NONE',  ( 2.009995014637140809, 1.762619227376822195, 1.026975264207170779 ) ) ;
#406 = CARTESIAN_POINT ( 'NONE',  ( 1.500000000000000666, 0.9237604307033958628, 0.000000000000000000 ) ) ;
#407 = ADVANCED_FACE ( 'NONE', ( #1495 ), #2479, .F. ) ;
#408 = CARTESIAN_POINT ( 'NONE',  ( -1.137278132385281193, 1.888559394565788141, -0.5653844298478882813 ) ) ;
#409 = CARTESIAN_POINT ( 'NONE',  ( -1.866165854490535736, 2.092038192825383280, 0.6134760772296232734 ) ) ;
#410 = EDGE_CURVE ( 'NONE', #1059, #444, #1543, .T. ) ;
#411 = CARTESIAN_POINT ( 'NONE',  ( -0.9414143710880519267, 1.914235517309437862, 0.5128949902754061929 ) ) ;
#412 = DIRECTION ( 'NONE',  ( -0.8660254037844411501, 0.4999999999999956701, 0.000000000000000000 ) ) ;
#413 = CARTESIAN_POINT ( 'NONE',  ( -1.950006890572444584, 2.917701338459963711, 0.9709029670628309683 ) ) ;
#414 = DIRECTION ( 'NONE',  ( -1.000000000000000000, 0.000000000000000000, 0.000000000000000000 ) ) ;
#415 = CARTESIAN_POINT ( 'NONE',  ( -1.250000000000000222, 1.240239266662187756, 0.1142618748669499834 ) ) ;
#416 = CARTESIAN_POINT ( 'NONE',  ( -1.157193460928118256, 1.705494201827117307, -0.2744903576449490012 ) ) ;
#417 = EDGE_CURVE ( 'NONE', #528, #944, #2024, .T. ) ;
#418 = EDGE_CURVE ( 'NONE', #355, #1323, #1271, .T. ) ;
#419 = ORIENTED_EDGE ( 'NONE', *, *, #2557, .T. ) ;
#420 = CARTESIAN_POINT ( 'NONE',  ( -2.249999649238269228, 1.423308087843320191, -0.2452539353351814444 ) ) ;
#421 = CARTESIAN_POINT ( 'NONE',  ( 2.244505259965260180, 2.696174664557720035, -0.08788221935059042922 ) ) ;
#422 = FACE_OUTER_BOUND ( 'NONE', #48, .T. ) ;
#423 = CARTESIAN_POINT ( 'NONE',  ( -2.132296959184496465, 2.434791674320231358, -0.4491748345827353273 ) ) ;
#424 = CARTESIAN_POINT ( 'NONE',  ( 2.134190470159908148, 2.107195210869636348, -0.4881065764488982661 ) ) ;
#425 =( GEOMETRIC_REPRESENTATION_CONTEXT ( 3 ) GLOBAL_UNCERTAINTY_ASSIGNED_CONTEXT ( ( #19 ) ) GLOBAL_UNIT_ASSIGNED_CONTEXT ( ( #2184, #479, #99 ) ) REPRESENTATION_CONTEXT ( 'NONE', 'WORKASPACE' ) );
#426 = CARTESIAN_POINT ( 'NONE',  ( 2.249999999999999556, 2.799090152378565399, 0.001473417842648311890 ) ) ;
#427 = CARTESIAN_POINT ( 'NONE',  ( -2.249999999999999556, 2.801304834897995644, 0.000000000000000000 ) ) ;
#428 = CARTESIAN_POINT ( 'NONE',  ( 1.841903179709031502, 2.152473589157350986, -0.6506153548438422529 ) ) ;
#429 = ORIENTED_EDGE ( 'NONE', *, *, #2634, .T. ) ;
#430 = CARTESIAN_POINT ( 'NONE',  ( 2.132296959183566099, 2.434791674319150445, -0.4491748345842472290 ) ) ;
#431 = CARTESIAN_POINT ( 'NONE',  ( -1.971035971136834375, 2.247285953753097143, -0.5815935292823881664 ) ) ;
#432 = EDGE_CURVE ( 'NONE', #2564, #1203, #1289, .T. ) ;
#433 = ADVANCED_FACE ( 'NONE', ( #595 ), #763, .T. ) ;
#434 = DIRECTION ( 'NONE',  ( -0.8660254037844413721, 0.4999999999999956701, 0.000000000000000000 ) ) ;
#435 = FACE_OUTER_BOUND ( 'NONE', #1354, .T. ) ;
#436 = DIRECTION ( 'NONE',  ( -0.000000000000000000, -0.000000000000000000, -1.000000000000000000 ) ) ;
#437 = DIRECTION ( 'NONE',  ( 9.637352644315594010E-17, 1.000000000000000000, 0.000000000000000000 ) ) ;
#438 = CARTESIAN_POINT ( 'NONE',  ( -0.9344658253952654592, 1.852779617638335319, -0.1378174673220143309 ) ) ;
#439 = ORIENTED_EDGE ( 'NONE', *, *, #2113, .F. ) ;
#440 = DIRECTION ( 'NONE',  ( -1.000000000000000000, 0.000000000000000000, 0.000000000000000000 ) ) ;
#441 = AXIS2_PLACEMENT_3D ( 'NONE', #1641, #1010, #2041 ) ;
#442 = CARTESIAN_POINT ( 'NONE',  ( 0.8470389322291582701, 1.566787517589328438, 0.1685168436860322583 ) ) ;
#443 = CARTESIAN_POINT ( 'NONE',  ( 1.184299018522483316, 1.836138403660021234, -0.4307024849046248161 ) ) ;
#444 = VERTEX_POINT ( 'NONE', #1004 ) ;
#445 = CARTESIAN_POINT ( 'NONE',  ( 2.236390767087677034, 2.641127190732069252, -0.1651866941917538023 ) ) ;
#446 = CARTESIAN_POINT ( 'NONE',  ( -2.208878957830018752, 2.557670212280377164, -0.2737768953482713208 ) ) ;
#447 = CARTESIAN_POINT ( 'NONE',  ( -2.245426812623729784, 2.705777557590613558, -0.1000000000000000472 ) ) ;
#448 = ADVANCED_FACE ( 'NONE', ( #549 ), #2212, .F. ) ;
#449 = CARTESIAN_POINT ( 'NONE',  ( 1.081241156978484108, 1.736973581302081238, -0.07001649453685811209 ) ) ;
#450 = VECTOR ( 'NONE', #2671, 1000.000000000000000 ) ;
#451 = CARTESIAN_POINT ( 'NONE',  ( -2.242017300925229772, 2.670249282740666086, -0.1302422130354937979 ) ) ;
#452 = LINE ( 'NONE', #36, #2615 ) ;
#453 = ORIENTED_EDGE ( 'NONE', *, *, #378, .T. ) ;
#454 = DIRECTION ( 'NONE',  ( 0.000000000000000000, 0.000000000000000000, -1.000000000000000000 ) ) ;
#455 = ORIENTED_EDGE ( 'NONE', *, *, #2531, .F. ) ;
#456 = CARTESIAN_POINT ( 'NONE',  ( -2.134190470159907260, 2.107195210869635904, 0.4881065764488994874 ) ) ;
#457 = CARTESIAN_POINT ( 'NONE',  ( -1.413496067638016607, 1.922604494858640045, -0.6276313874411962868 ) ) ;
#458 = CARTESIAN_POINT ( 'NONE',  ( 2.236391584200911886, 2.641134174054458494, 0.1651791855494032235 ) ) ;
#459 = TOROIDAL_SURFACE ( 'NONE', #1644, 4.431249999999999467, 1.399999999999999911 ) ;
#460 = CARTESIAN_POINT ( 'NONE',  ( -2.230296286274472628, 2.809055843983080614, 0.3416884473369495301 ) ) ;
#461 = CARTESIAN_POINT ( 'NONE',  ( 0.9256378996656938751, 2.612458039237329555, 1.340316979899590200 ) ) ;
#463 = EDGE_CURVE ( 'NONE', #1013, #1960, #585, .T. ) ;
#462 = ORIENTED_EDGE ( 'NONE', *, *, #2647, .T. ) ;
#464 = ORIENTED_EDGE ( 'NONE', *, *, #397, .F. ) ;
#465 = AXIS2_PLACEMENT_3D ( 'NONE', #1655, #1008, #1878 ) ;
#466 = ORIENTED_EDGE ( 'NONE', *, *, #1386, .T. ) ;
#467 = DIRECTION ( 'NONE',  ( -1.000000000000000000, 0.000000000000000000, 0.000000000000000000 ) ) ;
#468 = UNCERTAINTY_MEASURE_WITH_UNIT (LENGTH_MEASURE( 1.000000000000000082E-05 ), #749, 'distance_accuracy_value', 'NONE');
#469 = CARTESIAN_POINT ( 'NONE',  ( -1.987436202841508237, 1.468830940709419108, -0.3420052851429714602 ) ) ;
#470 = PRESENTATION_STYLE_ASSIGNMENT (( #2380 ) ) ;
#471 = CARTESIAN_POINT ( 'NONE',  ( -1.081241156978710150, 1.736973581301871850, 0.07001649453754962837 ) ) ;
#472 = ORIENTED_EDGE ( 'NONE', *, *, #1107, .T. ) ;
#473 = CARTESIAN_POINT ( 'NONE',  ( -0.9399224558533596507, 1.850593566101680354, 0.1615644132351982953 ) ) ;
#474 = CARTESIAN_POINT ( 'NONE',  ( 0.9431830759705726042, 2.065819699185706515, 0.8536653735139480004 ) ) ;
#475 = EDGE_LOOP ( 'NONE', ( #2348, #2461, #1774, #649 ) ) ;
#476 = CARTESIAN_POINT ( 'NONE',  ( 2.249999999999999112, 2.142570782904941851, -0.1630739033063970389 ) ) ;
#477 = EDGE_CURVE ( 'NONE', #2537, #1884, #1069, .T. ) ;
#478 = CARTESIAN_POINT ( 'NONE',  ( 1.524888234705907175, 2.033063674698677659, 0.7626976187217925363 ) ) ;
#479 =( NAMED_UNIT ( * ) PLANE_ANGLE_UNIT ( ) SI_UNIT ( $, .RADIAN. ) );
#480 = CARTESIAN_POINT ( 'NONE',  ( 2.132325989047255010, 2.434825557742942514, 0.4491273676010680282 ) ) ;
#481 = MECHANICAL_DESIGN_GEOMETRIC_PRESENTATION_REPRESENTATION (  '', ( #219 ), #710 ) ;
#482 = CYLINDRICAL_SURFACE ( 'NONE', #849, 1.400000000000000133 ) ;
#483 = ORIENTED_EDGE ( 'NONE', *, *, #2507, .T. ) ;
#484 = ADVANCED_FACE ( 'NONE', ( #1697 ), #2543, .T. ) ;
#485 = CARTESIAN_POINT ( 'NONE',  ( -2.250000000000000000, 4.100000000000000533, 1.500000000000000000 ) ) ;
#486 = CARTESIAN_POINT ( 'NONE',  ( -2.250000000000000000, 2.801304834897995200, -0.2905674257241985248 ) ) ;
#487 =( BOUNDED_SURFACE ( )  B_SPLINE_SURFACE ( 3, 2, ( 
 ( #357, #313, #1599 ),
 ( #153, #2680, #136 ),
 ( #983, #1160, #2003 ),
 ( #108, #177, #2322 ) ),
 .UNSPECIFIED., .F., .F., .T. ) 
 B_SPLINE_SURFACE_WITH_KNOTS ( ( 4, 4 ),
 ( 3, 3 ),
 ( -5.110759634507217042E-16, 6.977190829371288637E-05 ),
 ( 0.000000000000000000, 1.000000000000000000 ),
 .UNSPECIFIED. ) 
 GEOMETRIC_REPRESENTATION_ITEM ( )  RATIONAL_B_SPLINE_SURFACE ( (
 ( 1.000000000000000000, 0.9394242159563320760, 1.000000000000000000),
 ( 1.000000000000000000, 0.9406379929272835616, 1.000000000000000000),
 ( 1.000000000000000000, 0.9421936578666225692, 1.000000000000000000),
 ( 1.000000000000000000, 0.9442211217125471290, 1.000000000000000000) ) ) 
 REPRESENTATION_ITEM ( '' )  SURFACE ( )  );
#488 = AXIS2_PLACEMENT_3D ( 'NONE', #1496, #1111, #2588 ) ;
#489 = CARTESIAN_POINT ( 'NONE',  ( 2.249999999999999556, 2.801304834897995644, 5.421010862427522170E-17 ) ) ;
#490 = FACE_OUTER_BOUND ( 'NONE', #501, .T. ) ;
#491 = PRESENTATION_STYLE_ASSIGNMENT (( #2631 ) ) ;
#492 = CARTESIAN_POINT ( 'NONE',  ( 0.8499999999999997558, 4.100000000000000533, 0.1000000000000000472 ) ) ;
#493 = CARTESIAN_POINT ( 'NONE',  ( 1.666044897047126438, 2.245087808376267091, -1.357250670341600296 ) ) ;
#494 = CARTESIAN_POINT ( 'NONE',  ( -1.086337829058225291, 1.732279609409632881, 0.08580044645134894676 ) ) ;
#495 = ADVANCED_FACE ( 'NONE', ( #910 ), #732, .T. ) ;
#496 = FACE_OUTER_BOUND ( 'NONE', #775, .T. ) ;
#497 = DIRECTION ( 'NONE',  ( -0.8660254037844422603, -0.4999999999999941158, -0.000000000000000000 ) ) ;
#498 = ORIENTED_EDGE ( 'NONE', *, *, #6, .F. ) ;
#499 = CARTESIAN_POINT ( 'NONE',  ( 2.750000000000000888, -1.734723475976807094E-15, 0.000000000000000000 ) ) ;
#500 = ORIENTED_EDGE ( 'NONE', *, *, #2296, .T. ) ;
#501 = EDGE_LOOP ( 'NONE', ( #263, #995, #1158 ) ) ;
#502 = CARTESIAN_POINT ( 'NONE',  ( 1.180173831851110577, 1.772234812493773681, -0.1630739033063970389 ) ) ;
#503 = AXIS2_PLACEMENT_3D ( 'NONE', #111, #960, #2310 ) ;
#504 = CARTESIAN_POINT ( 'NONE',  ( 2.244505259965237975, 2.696174664557054790, 0.08788221935066604928 ) ) ;
#505 = SURFACE_SIDE_STYLE ('',( #1989 ) ) ;
#506 = FACE_OUTER_BOUND ( 'NONE', #2592, .T. ) ;
#507 = CARTESIAN_POINT ( 'NONE',  ( 0.9405178795088782184, 2.259121266541099349, -1.074843828373373666 ) ) ;
#508 = CARTESIAN_POINT ( 'NONE',  ( -2.349999999999999645, 0.2598076211353319009, 0.000000000000000000 ) ) ;
#509 = DIRECTION ( 'NONE',  ( 0.000000000000000000, 0.000000000000000000, 1.000000000000000000 ) ) ;
#510 = CARTESIAN_POINT ( 'NONE',  ( 1.005811988865731532, 3.263632342672155850, 1.499999999999999778 ) ) ;
#511 = ORIENTED_EDGE ( 'NONE', *, *, #1557, .T. ) ;
#512 = CARTESIAN_POINT ( 'NONE',  ( 1.250000000000000222, 1.240239266662187756, 0.1142618748669499834 ) ) ;
#513 = ORIENTED_EDGE ( 'NONE', *, *, #432, .T. ) ;
#514 = EDGE_LOOP ( 'NONE', ( #640, #927, #2026, #2259, #72 ) ) ;
#515 = CARTESIAN_POINT ( 'NONE',  ( 1.024106144412848529, 1.823631398749768318, -0.08318468573919624021 ) ) ;
#516 = DIRECTION ( 'NONE',  ( -1.000000000000000000, 0.000000000000000000, 0.000000000000000000 ) ) ;
#517 = DIRECTION ( 'NONE',  ( 1.000000000000000000, 6.195440985631454331E-16, 0.000000000000000000 ) ) ;
#518 = CARTESIAN_POINT ( 'NONE',  ( -1.696127815876268263, 0.9237604307033963069, 0.1959039938370448208 ) ) ;
#519 = CARTESIAN_POINT ( 'NONE',  ( 0.9395695628081490725, 3.208893800043817635, -1.499999961955225780 ) ) ;
#520 = CARTESIAN_POINT ( 'NONE',  ( -1.081241156978708817, 1.736973581301874514, -0.07001649453755180719 ) ) ;
#521 = ORIENTED_EDGE ( 'NONE', *, *, #1419, .F. ) ;
#522 = ORIENTED_EDGE ( 'NONE', *, *, #2392, .T. ) ;
#523 = PRODUCT_DEFINITION_FORMATION_WITH_SPECIFIED_SOURCE ( 'ANY', '', #1159, .NOT_KNOWN. ) ;
#524 = CARTESIAN_POINT ( 'NONE',  ( -2.245426812623729784, 2.705777557590617999, 0.1000000000000000472 ) ) ;
#525 = FACE_OUTER_BOUND ( 'NONE', #2448, .T. ) ;
#526 = ORIENTED_EDGE ( 'NONE', *, *, #1908, .F. ) ;
#527 = CARTESIAN_POINT ( 'NONE',  ( 2.134190470159907260, 2.107195210869635904, 0.4881065764488994874 ) ) ;
#528 = VERTEX_POINT ( 'NONE', #1964 ) ;
#529 = ADVANCED_FACE ( 'NONE', ( #490 ), #1330, .T. ) ;
#530 = CYLINDRICAL_SURFACE ( 'NONE', #15, 0.2500000000000004996 ) ;
#531 = CARTESIAN_POINT ( 'NONE',  ( 1.986452220859574291, 2.195745355537157550, 0.5486534751900671303 ) ) ;
#532 = CARTESIAN_POINT ( 'NONE',  ( 2.182390149557313475, 2.445836801600638211, -0.3046430501323624807 ) ) ;
#533 = CARTESIAN_POINT ( 'NONE',  ( -1.500000000000001332, 0.9237604307033951967, 0.2773108145302787819 ) ) ;
#534 = CARTESIAN_POINT ( 'NONE',  ( 1.916930865630730674, 1.893720492411297140, -1.152367701064167305 ) ) ;
#535 = CARTESIAN_POINT ( 'NONE',  ( -0.9416532406503422825, 1.905797419078615329, 0.5227907252113156433 ) ) ;
#536 = CARTESIAN_POINT ( 'NONE',  ( 1.666044897047167295, 2.245087808376248883, 1.357250670341579424 ) ) ;
#537 = CARTESIAN_POINT ( 'NONE',  ( 2.077614770644702347, 1.495248937421257418, 0.1142618748669499834 ) ) ;
#538 = B_SPLINE_CURVE_WITH_KNOTS ( 'NONE', 3,
 ( #2141, #1102, #1940, #43, #901, #1065, #1709 ),
 .UNSPECIFIED., .F., .F.,
 ( 4, 3, 4 ),
 ( 0.000000000000000000, 0.0001300642904022879850, 0.0001383747387313608598 ),
 .UNSPECIFIED. ) ;
#539 = EDGE_LOOP ( 'NONE', ( #1765, #1049, #2446, #343 ) ) ;
#540 = CARTESIAN_POINT ( 'NONE',  ( 1.086413499043527686, 1.732209941916942997, -0.08603492180656541199 ) ) ;
#541 = EDGE_CURVE ( 'NONE', #339, #2179, #85, .T. ) ;
#542 = TOROIDAL_SURFACE ( 'NONE', #1696, 0.2999999999999999334, 0.2500000000000003886 ) ;
#543 = CARTESIAN_POINT ( 'NONE',  ( -1.979581617652421244, 2.906399953601018993, 0.9323159575534301080 ) ) ;
#544 = CARTESIAN_POINT ( 'NONE',  ( 0.8499999999999996447, 4.100000000000000533, 1.500000000000000000 ) ) ;
#545 = CARTESIAN_POINT ( 'NONE',  ( -1.750000000000000888, 0.9237604307033958628, 2.710505431213761085E-17 ) ) ;
#546 = CARTESIAN_POINT ( 'NONE',  ( 0.9423401297368511065, 1.975302511469829048, -0.6686788553810064650 ) ) ;
#547 = AXIS2_PLACEMENT_3D ( 'NONE', #1070, #2519, #672 ) ;
#548 = ORIENTED_EDGE ( 'NONE', *, *, #378, .F. ) ;
#549 = FACE_OUTER_BOUND ( 'NONE', #292, .T. ) ;
#550 = AXIS2_PLACEMENT_3D ( 'NONE', #644, #2532, #1486 ) ;
#551 = CARTESIAN_POINT ( 'NONE',  ( -0.9894710943361654243, 1.852991802929305099, 0.3344665555009631586 ) ) ;
#552 = DIRECTION ( 'NONE',  ( 0.000000000000000000, 0.000000000000000000, 1.000000000000000000 ) ) ;
#553 = VERTEX_POINT ( 'NONE', #1122 ) ;
#554 = DIRECTION ( 'NONE',  ( -0.2167599180035449380, 0.02927112694806900325, 0.9757860109031522011 ) ) ;
#555 = ORIENTED_EDGE ( 'NONE', *, *, #1115, .T. ) ;
#556 = CARTESIAN_POINT ( 'NONE',  ( 0.9170338199822667402, 1.857958461760544022, -0.03333333333265717929 ) ) ;
#557 = EDGE_CURVE ( 'NONE', #444, #1133, #1988, .T. ) ;
#558 = VERTEX_POINT ( 'NONE', #1785 ) ;
#559 = CARTESIAN_POINT ( 'NONE',  ( 1.184958333655030893, 1.836319323992613439, 0.4317078184736184987 ) ) ;
#560 = CARTESIAN_POINT ( 'NONE',  ( 2.250000000000000000, 4.100000000000000533, 1.500000000000000000 ) ) ;
#561 = CARTESIAN_POINT ( 'NONE',  ( -2.249999999999999556, 2.801304834897995644, 0.2118859317458441083 ) ) ;
#562 = CARTESIAN_POINT ( 'NONE',  ( -0.9257705226149712807, 1.855170880945327561, -0.09999999999999964473 ) ) ;
#563 = DIRECTION ( 'NONE',  ( 0.000000000000000000, 0.000000000000000000, 1.000000000000000000 ) ) ;
#564 = PRESENTATION_LAYER_ASSIGNMENT (  '', '', ( #219 ) ) ;
#565 = CARTESIAN_POINT ( 'NONE',  ( -2.009995014637143917, 1.762619227376824860, -1.026975264207168781 ) ) ;
#566 = CARTESIAN_POINT ( 'NONE',  ( 0.9417570773446848342, 1.932777915026496540, 0.5662956294271811464 ) ) ;
#567 = EDGE_LOOP ( 'NONE', ( #1335, #348, #2210, #2646 ) ) ;
#568 = CARTESIAN_POINT ( 'NONE',  ( -0.9297354621518749695, 1.853899193864304795, 0.1189751604602257151 ) ) ;
#569 = ADVANCED_FACE ( 'NONE', ( #66 ), #1459, .F. ) ;
#570 = VERTEX_POINT ( 'NONE', #380 ) ;
#571 = CARTESIAN_POINT ( 'NONE',  ( 1.081241156978935303, 1.736973581301367364, 0.07001649453755129371 ) ) ;
#572 = CARTESIAN_POINT ( 'NONE',  ( -1.842216073905811546, 2.198274831153172570, 0.7101601194334394851 ) ) ;
#573 = ORIENTED_EDGE ( 'NONE', *, *, #1128, .T. ) ;
#574 = CARTESIAN_POINT ( 'NONE',  ( -0.9395695628080944495, 3.208893800043879363, 1.499999961955226002 ) ) ;
#575 = CARTESIAN_POINT ( 'NONE',  ( 1.246631690375678447, 1.724837490793576844, -0.4192773643887986457 ) ) ;
#576 = CARTESIAN_POINT ( 'NONE',  ( -1.715086915925553956, 1.957402797699356656, -0.6909563116423923512 ) ) ;
#577 = DIRECTION ( 'NONE',  ( -1.000000000000000000, 0.000000000000000000, 0.000000000000000000 ) ) ;
#578 = CIRCLE ( 'NONE', #673, 0.04999999999999948236 ) ;
#579 = CARTESIAN_POINT ( 'NONE',  ( 2.054639372016451748, 2.877515894106896344, 0.8192575243751514247 ) ) ;
#580 = FACE_OUTER_BOUND ( 'NONE', #1716, .T. ) ;
#581 = CARTESIAN_POINT ( 'NONE',  ( 0.000000000000000000, 4.100000000000000533, 0.1000000000000000472 ) ) ;
#582 = ADVANCED_FACE ( 'NONE', ( #2032 ), #2109, .F. ) ;
#583 = VERTEX_POINT ( 'NONE', #2641 ) ;
#584 = CARTESIAN_POINT ( 'NONE',  ( -0.9344658253944206905, 1.852779617638326215, 0.1378174673220631530 ) ) ;
#585 = B_SPLINE_CURVE_WITH_KNOTS ( 'NONE', 3,
 ( #1286, #1252, #445, #1720, #2555, #669, #430, #223, #1666, #2150, #1903, #1926, #1099, #1508, #2567, #681, #2330, #206 ),
 .UNSPECIFIED., .F., .F.,
 ( 4, 2, 2, 2, 2, 2, 2, 2, 4 ),
 ( 2.146310964237730439E-14, 0.0001371938577712406189, 0.0002743877155210181005, 0.0005487754310205723591, 0.001097550862019679250, 0.001371938577519233021, 0.001646326293018786574, 0.001920714008518340128, 0.002195101724017893899 ),
 .UNSPECIFIED. ) ;
#586 = CARTESIAN_POINT ( 'NONE',  ( -2.349999999999999645, 0.2598076211353319009, 0.000000000000000000 ) ) ;
#587 = CARTESIAN_POINT ( 'NONE',  ( -1.157124566157298196, 1.705436113597849968, 0.2744802913008986822 ) ) ;
#588 = AXIS2_PLACEMENT_3D ( 'NONE', #10, #1743, #1498 ) ;
#589 = CARTESIAN_POINT ( 'NONE',  ( -0.8917098794748520296, 2.995282733858282143, 1.474643551600019586 ) ) ;
#590 = CARTESIAN_POINT ( 'NONE',  ( 1.645068712401281052, 1.933247084891922318, -0.6617268489389965813 ) ) ;
#591 = CARTESIAN_POINT ( 'NONE',  ( -2.245176429994902634, 2.686470453385656043, 0.07582886962221713212 ) ) ;
#592 = DIRECTION ( 'NONE',  ( 0.000000000000000000, 0.000000000000000000, 1.000000000000000000 ) ) ;
#593 = B_SPLINE_CURVE_WITH_KNOTS ( 'NONE', 3,
 ( #1415, #2033, #2250, #1371, #772, #2236, #157, #1015, #1602, #362 ),
 .UNSPECIFIED., .F., .F.,
 ( 4, 2, 2, 2, 4 ),
 ( 5.626557223013470017E-05, 0.0006078448390087565299, 0.001159424105787378034, 0.001711003372565999756, 0.002262582639344621043 ),
 .UNSPECIFIED. ) ;
#594 = MECHANICAL_DESIGN_GEOMETRIC_PRESENTATION_REPRESENTATION (  '', ( #1731 ), #946 ) ;
#595 = FACE_OUTER_BOUND ( 'NONE', #514, .T. ) ;
#596 =( BOUNDED_SURFACE ( )  B_SPLINE_SURFACE ( 3, 2, ( 
 ( #1686, #1876, #1468 ),
 ( #658, #21, #628 ),
 ( #224, #1253, #416 ),
 ( #1721, #1497, #2098 ),
 ( #1890, #1711, #207 ),
 ( #9, #2735, #2137 ),
 ( #1051, #457, #855 ),
 ( #1684, #1035, #1080 ),
 ( #2530, #670, #2344 ),
 ( #1483, #642, #2718 ),
 ( #2318, #682, #1927 ),
 ( #2568, #431, #1918 ),
 ( #250, #877, #1273 ),
 ( #2331, #2111, #238 ),
 ( #867, #842, #1698 ),
 ( #446, #2544, #1067 ),
 ( #403, #1091, #1904 ),
 ( #29, #1287, #2556 ),
 ( #2127, #1667, #1509 ),
 ( #189, #1300, #888 ) ),
 .UNSPECIFIED., .F., .F., .T. ) 
 B_SPLINE_SURFACE_WITH_KNOTS ( ( 4, 2, 2, 2, 2, 2, 2, 2, 2, 4 ),
 ( 3, 3 ),
 ( 5.234257038216894031E-16, 0.0003535424079886997201, 0.0007070848159768759874, 0.001060627223965052201, 0.001414169631953228522, 0.001767712039941404627, 0.002121254447929580948, 0.002474796855917757270, 0.002651568059911845431, 0.002828339263905933591 ),
 ( 0.000000000000000000, 1.000000000000000000 ),
 .UNSPECIFIED. ) 
 GEOMETRIC_REPRESENTATION_ITEM ( )  RATIONAL_B_SPLINE_SURFACE ( (
 ( 1.000000000000000000, 0.9394242159569240469, 1.000000000000000000),
 ( 1.000000000000000000, 0.9283714581830976309, 1.000000000000000000),
 ( 1.000000000000000000, 0.9229167845254123703, 1.000000000000000000),
 ( 1.000000000000000000, 0.9197891066865527820, 1.000000000000000000),
 ( 1.000000000000000000, 0.9223806655786412900, 1.000000000000000000),
 ( 1.000000000000000000, 0.9302202470379243859, 1.000000000000000000),
 ( 1.000000000000000000, 0.9358297784828766286, 1.000000000000000000),
 ( 1.000000000000000000, 0.9479840461991866363, 1.000000000000000000),
 ( 1.000000000000000000, 0.9545279870041489811, 1.000000000000000000),
 ( 1.000000000000000000, 0.9655780786824750273, 1.000000000000000000),
 ( 1.000000000000000000, 0.9702443802665164929, 1.000000000000000000),
 ( 1.000000000000000000, 0.9788151724096408879, 1.000000000000000000),
 ( 1.000000000000000000, 0.9827293103882146497, 1.000000000000000000),
 ( 1.000000000000000000, 0.9891751106553257067, 1.000000000000000000),
 ( 1.000000000000000000, 0.9916731131362088725, 1.000000000000000000),
 ( 1.000000000000000000, 0.9948410410329022735, 1.000000000000000000),
 ( 1.000000000000000000, 0.9957783854953319302, 1.000000000000000000),
 ( 1.000000000000000000, 0.9974193348157009975, 1.000000000000000000),
 ( 1.000000000000000000, 0.9981238104749640128, 1.000000000000000000),
 ( 1.000000000000000000, 0.9986698507590463514, 1.000000000000000000) ) ) 
 REPRESENTATION_ITEM ( '' )  SURFACE ( )  );
#597 = CIRCLE ( 'NONE', #2135, 0.2500000000000003886 ) ;
#598 = B_SPLINE_SURFACE_WITH_KNOTS ( 'NONE', 3, 3, ( 
 ( #1209, #1579, #333, #318 ),
 ( #1811, #1372, #2420, #975 ),
 ( #1387, #2006, #1566, #952 ),
 ( #1618, #2659, #576, #1165 ),
 ( #112, #1771, #773, #961 ),
 ( #2251, #1416, #2050, #2618 ),
 ( #1180, #2208, #2408, #158 ),
 ( #1799, #734, #2643, #346 ),
 ( #533, #1151, #759, #100 ),
 ( #518, #1359, #2222, #1826 ),
 ( #2017, #2451, #125, #561 ),
 ( #545, #1194, #2195, #1590 ) ),
 .UNSPECIFIED., .T., .F., .F.,
 ( 4, 1, 1, 1, 2, 1, 1, 1, 4 ),
 ( 4, 4 ),
 ( 0.000000000000000000, 0.1250000000000000000, 0.2500000000000000000, 0.3750000000000000000, 0.5000000000000000000, 0.6250000000000000000, 0.7500000000000000000, 0.8750000000000000000, 1.000000000000000000 ),
 ( 0.000000000000000000, 1.000000000000000000 ),
 .UNSPECIFIED. ) ;
#599 = CARTESIAN_POINT ( 'NONE',  ( 2.500000000000000444, -6.999999999999999112, 0.000000000000000000 ) ) ;
#600 = AXIS2_PLACEMENT_3D ( 'NONE', #2517, #2302, #2356 ) ;
#601 = CARTESIAN_POINT ( 'NONE',  ( 2.056385514047880392, 1.697137562845278946, 0.9499810902914869182 ) ) ;
#602 = ORIENTED_EDGE ( 'NONE', *, *, #6, .T. ) ;
#603 = CARTESIAN_POINT ( 'NONE',  ( 1.775000000000001243, 0.8804591605141746102, 3.061616997868387948E-17 ) ) ;
#604 = CARTESIAN_POINT ( 'NONE',  ( 0.8499999999999998668, 5.500000000000000888, -0.1000000000000000472 ) ) ;
#605 = CARTESIAN_POINT ( 'NONE',  ( -0.9399549444208934457, 1.851779477781483552, 0.1564256359761959925 ) ) ;
#606 = ORIENTED_EDGE ( 'NONE', *, *, #2059, .F. ) ;
#607 = CARTESIAN_POINT ( 'NONE',  ( -0.8499999999999998668, 3.317712699598606374, 1.499999999999999778 ) ) ;
#608 = CARTESIAN_POINT ( 'NONE',  ( -2.248215911422636104, 2.722560861144849742, 0.05220766678814184325 ) ) ;
#609 = CARTESIAN_POINT ( 'NONE',  ( -2.249999999999999112, 2.142570782904941851, 0.000000000000000000 ) ) ;
#610 = CARTESIAN_POINT ( 'NONE',  ( -1.010750457828039295, 1.828212831586359055, 0.02780028011933144763 ) ) ;
#611 = ORIENTED_EDGE ( 'NONE', *, *, #69, .T. ) ;
#612 = DIRECTION ( 'NONE',  ( 0.000000000000000000, 0.000000000000000000, 1.000000000000000000 ) ) ;
#613 =( BOUNDED_SURFACE ( )  B_SPLINE_SURFACE ( 3, 2, ( 
 ( #2620, #1730, #291 ),
 ( #1939, #711, #1488 ),
 ( #1114, #1530, #1688 ),
 ( #2580, #2369, #1348 ) ),
 .UNSPECIFIED., .F., .F., .F. ) 
 B_SPLINE_SURFACE_WITH_KNOTS ( ( 4, 4 ),
 ( 3, 3 ),
 ( -3.459756895037024993E-16, 6.977190829371170730E-05 ),
 ( 0.000000000000000000, 1.000000000000000000 ),
 .UNSPECIFIED. ) 
 GEOMETRIC_REPRESENTATION_ITEM ( )  RATIONAL_B_SPLINE_SURFACE ( (
 ( 1.000000000000000000, 0.9394242159563329642, 1.000000000000000000),
 ( 1.000000000000000000, 0.9406379929273014362, 1.000000000000000000),
 ( 1.000000000000000000, 0.9421936578666213480, 1.000000000000000000),
 ( 1.000000000000000000, 0.9442211217125463518, 1.000000000000000000) ) ) 
 REPRESENTATION_ITEM ( '' )  SURFACE ( )  );
#614 = CARTESIAN_POINT ( 'NONE',  ( -0.9417570773446848342, 1.932777915026496540, -0.5662956294271814794 ) ) ;
#615 = DIRECTION ( 'NONE',  ( -1.000000000000000000, 0.000000000000000000, 0.000000000000000000 ) ) ;
#616 = DIRECTION ( 'NONE',  ( -9.637352644315594010E-17, 1.000000000000000000, -0.000000000000000000 ) ) ;
#617 = DIRECTION ( 'NONE',  ( 0.000000000000000000, 0.000000000000000000, 1.000000000000000000 ) ) ;
#618 = CARTESIAN_POINT ( 'NONE',  ( -1.069195485704015569, 1.812823475961309105, 0.2162342785843545112 ) ) ;
#619 = CIRCLE ( 'NONE', #1796, 0.2500000000000003886 ) ;
#620 = EDGE_CURVE ( 'NONE', #713, #1201, #123, .T. ) ;
#621 = CARTESIAN_POINT ( 'NONE',  ( -1.206212186433665012, 1.560146343067499553, -1.760788310003792500E-18 ) ) ;
#622 = CARTESIAN_POINT ( 'NONE',  ( -2.249983628955268156, 2.795582787934542068, 0.006026728960793213512 ) ) ;
#623 = CARTESIAN_POINT ( 'NONE',  ( -2.250000000000000000, 2.801304834897995644, 5.421010862441080717E-17 ) ) ;
#624 = ADVANCED_FACE ( 'NONE', ( #2497 ), #208, .T. ) ;
#625 = CARTESIAN_POINT ( 'NONE',  ( -1.068679564664612336, 1.748765809586244169, 0.02334063793097908984 ) ) ;
#626 = EDGE_LOOP ( 'NONE', ( #2550, #127 ) ) ;
#627 = CARTESIAN_POINT ( 'NONE',  ( -1.500000000000000222, 0.9237604307033961959, -0.2773108145302790595 ) ) ;
#628 = CARTESIAN_POINT ( 'NONE',  ( -1.124419092167699974, 1.707083048475235731, -0.1978471020975285377 ) ) ;
#629 = CARTESIAN_POINT ( 'NONE',  ( -0.9405178795088782184, 2.259121266541099349, -1.074843828373373666 ) ) ;
#630 = CARTESIAN_POINT ( 'NONE',  ( 1.249999999999999556, 2.801304834897995644, 1.500000000000000000 ) ) ;
#631 = CARTESIAN_POINT ( 'NONE',  ( -1.074046378606471785, 1.743599883116718541, 0.04773488919073889253 ) ) ;
#632 = CARTESIAN_POINT ( 'NONE',  ( 0.9142985271686482340, 1.858850328835234489, -0.03333333333304936558 ) ) ;
#633 = CARTESIAN_POINT ( 'NONE',  ( -1.970737164346008319, 2.247098823245706534, 0.5816863082033061350 ) ) ;
#634 = ORIENTED_EDGE ( 'NONE', *, *, #115, .F. ) ;
#635 = ORIENTED_EDGE ( 'NONE', *, *, #2624, .T. ) ;
#636 = EDGE_CURVE ( 'NONE', #2019, #1650, #1900, .T. ) ;
#637 = FACE_OUTER_BOUND ( 'NONE', #1555, .T. ) ;
#638 = CARTESIAN_POINT ( 'NONE',  ( -2.244505259965255295, 2.696174664557613898, -0.08788221935068629698 ) ) ;
#639 = CARTESIAN_POINT ( 'NONE',  ( 1.413496067637058262, 1.922604494858127122, -0.6276313874406503901 ) ) ;
#640 = ORIENTED_EDGE ( 'NONE', *, *, #831, .F. ) ;
#641 = CARTESIAN_POINT ( 'NONE',  ( -1.696127815876268263, 0.9237604307033963069, 0.1959039938370448208 ) ) ;
#642 = CARTESIAN_POINT ( 'NONE',  ( -1.770911702440076674, 2.108137958477950491, -0.6728738340109696736 ) ) ;
#643 = ORIENTED_EDGE ( 'NONE', *, *, #708, .F. ) ;
#644 = CARTESIAN_POINT ( 'NONE',  ( 0.000000000000000000, -1.031250000000000000, -1.500000000000000000 ) ) ;
#645 = AXIS2_PLACEMENT_3D ( 'NONE', #1057, #2102, #2724 ) ;
#646 = CARTESIAN_POINT ( 'NONE',  ( -1.091515005247954750, 1.728259573402000093, 0.1017683044562208844 ) ) ;
#647 = CARTESIAN_POINT ( 'NONE',  ( 0.9142985271687034121, 1.858850328835217391, 0.03333333333389229547 ) ) ;
#648 = CARTESIAN_POINT ( 'NONE',  ( -0.9257705226149722799, 1.855170880945326894, -0.1000000000000000472 ) ) ;
#649 = ORIENTED_EDGE ( 'NONE', *, *, #2021, .T. ) ;
#650 = FACE_OUTER_BOUND ( 'NONE', #1139, .T. ) ;
#651 = EDGE_CURVE ( 'NONE', #2329, #822, #1412, .T. ) ;
#652 = CARTESIAN_POINT ( 'NONE',  ( -1.694132282130005551, 3.014541619068513256, 1.231560434451183905 ) ) ;
#653 = ADVANCED_FACE ( 'NONE', ( #2373 ), #228, .T. ) ;
#654 = CARTESIAN_POINT ( 'NONE',  ( 1.625229749919180788, 2.025713895043769419, -0.6862534398687309967 ) ) ;
#655 = ORIENTED_EDGE ( 'NONE', *, *, #1937, .T. ) ;
#656 = CARTESIAN_POINT ( 'NONE',  ( 2.151731986470128533, 2.392873821261852996, 0.3647309212089191455 ) ) ;
#657 = CARTESIAN_POINT ( 'NONE',  ( -1.750000000000000888, 0.9237604307033958628, 0.06544984642750296955 ) ) ;
#658 = CARTESIAN_POINT ( 'NONE',  ( -0.9594449156066169326, 1.849458015034142200, -0.2514808371514370422 ) ) ;
#659 = CARTESIAN_POINT ( 'NONE',  ( 2.220123099108454401, 2.585264158072446694, 0.2357225447262839835 ) ) ;
#660 = VERTEX_POINT ( 'NONE', #61 ) ;
#661 = CARTESIAN_POINT ( 'NONE',  ( -2.250000000000000000, 4.100000000000000533, -0.1000000000000000472 ) ) ;
#662 = CARTESIAN_POINT ( 'NONE',  ( 1.250000000000000222, 1.174378394855114971, -8.461051599076982481E-18 ) ) ;
#663 = CARTESIAN_POINT ( 'NONE',  ( -1.917289992484413785, 2.128176644315630917, -0.6063480768525764120 ) ) ;
#664 = ORIENTED_EDGE ( 'NONE', *, *, #118, .F. ) ;
#665 = CARTESIAN_POINT ( 'NONE',  ( -0.9257705226149715028, 1.855170880945327339, 0.1000000000000000472 ) ) ;
#666 = AXIS2_PLACEMENT_3D ( 'NONE', #508, #71, #859 ) ;
#667 = CARTESIAN_POINT ( 'NONE',  ( 1.464166791217941688, 1.826874716126698717, -0.5948953360829942749 ) ) ;
#668 = ORIENTED_EDGE ( 'NONE', *, *, #932, .F. ) ;
#669 = CARTESIAN_POINT ( 'NONE',  ( 2.169348688574160633, 2.482309731235209149, -0.3796280264150526107 ) ) ;
#670 = CARTESIAN_POINT ( 'NONE',  ( -1.625229749920757083, 2.025713895044666923, -0.6862534398688726611 ) ) ;
#671 = CARTESIAN_POINT ( 'NONE',  ( 1.518442744332669347, 2.030121520833613857, 0.7620556576911529101 ) ) ;
#672 = DIRECTION ( 'NONE',  ( -1.000000000000000000, 0.000000000000000000, 0.000000000000000000 ) ) ;
#673 = AXIS2_PLACEMENT_3D ( 'NONE', #2468, #2051, #2252 ) ;
#674 = CARTESIAN_POINT ( 'NONE',  ( 1.500000000000000444, 0.9237604307033957518, 0.000000000000000000 ) ) ;
#675 = EDGE_CURVE ( 'NONE', #2375, #2072, #1532, .T. ) ;
#676 = CARTESIAN_POINT ( 'NONE',  ( -2.034072060557944983, 2.235240180831867374, -0.5251211479544469762 ) ) ;
#677 = ORIENTED_EDGE ( 'NONE', *, *, #2158, .F. ) ;
#678 = ORIENTED_EDGE ( 'NONE', *, *, #1104, .F. ) ;
#679 = ORIENTED_EDGE ( 'NONE', *, *, #2723, .T. ) ;
#680 = CARTESIAN_POINT ( 'NONE',  ( 1.081117966712989986, 1.953057831234179753, -0.6342078677548265153 ) ) ;
#681 = CARTESIAN_POINT ( 'NONE',  ( 0.9898013127301388270, 1.853061875828281746, -0.3350785098570355225 ) ) ;
#682 = CARTESIAN_POINT ( 'NONE',  ( -1.841903179710834726, 2.152473589158620637, -0.6506153548431171663 ) ) ;
#683 = DIRECTION ( 'NONE',  ( 0.000000000000000000, 0.000000000000000000, 1.000000000000000000 ) ) ;
#684 = B_SPLINE_CURVE_WITH_KNOTS ( 'NONE', 3,
 ( #1905, #55, #2319, #912 ),
 .UNSPECIFIED., .F., .F.,
 ( 4, 4 ),
 ( 7.179126006978721004E-16, 5.827994365759558217E-05 ),
 .UNSPECIFIED. ) ;
#685 = DIRECTION ( 'NONE',  ( 0.000000000000000000, 1.000000000000000000, 0.000000000000000000 ) ) ;
#686 = ORIENTED_EDGE ( 'NONE', *, *, #1680, .F. ) ;
#687 = CARTESIAN_POINT ( 'NONE',  ( -1.250000000000000222, 0.9237604307033958628, -4.743384504624081899E-17 ) ) ;
#688 = CARTESIAN_POINT ( 'NONE',  ( -1.124158937631888122, 1.707250406660993036, -0.1970872329040376514 ) ) ;
#689 = AXIS2_PLACEMENT_3D ( 'NONE', #1136, #1346, #2304 ) ;
#690 = EDGE_CURVE ( 'NONE', #1143, #947, #2189, .T. ) ;
#691 = CARTESIAN_POINT ( 'NONE',  ( 1.500000000000001332, 0.9237604307033951967, 0.2773108145302787819 ) ) ;
#692 = COLOUR_RGB ( '',0.7921568627450980005, 0.8196078431372548767, 0.9333333333333333481 ) ;
#693 = UNCERTAINTY_MEASURE_WITH_UNIT (LENGTH_MEASURE( 1.000000000000000082E-05 ), #2422, 'distance_accuracy_value', 'NONE');
#694 = CARTESIAN_POINT ( 'NONE',  ( 1.608933505927539809, 2.072287621064111462, 0.7663434361904876146 ) ) ;
#695 =( NAMED_UNIT ( * ) SI_UNIT ( $, .STERADIAN. ) SOLID_ANGLE_UNIT ( ) );
#696 = EDGE_CURVE ( 'NONE', #1281, #14, #1085, .T. ) ;
#697 = DIRECTION ( 'NONE',  ( 1.000000000000000000, 0.000000000000000000, 0.000000000000000000 ) ) ;
#698 = FACE_OUTER_BOUND ( 'NONE', #1328, .T. ) ;
#699 = ADVANCED_FACE ( 'NONE', ( #915 ), #1146, .T. ) ;
#700 = EDGE_CURVE ( 'NONE', #2564, #1612, #2689, .T. ) ;
#701 = DIRECTION ( 'NONE',  ( 1.000000000000000000, 0.000000000000000000, 0.000000000000000000 ) ) ;
#702 = CARTESIAN_POINT ( 'NONE',  ( -2.210753290671715110, 2.816833931120209744, -0.4790912219197338007 ) ) ;
#703 = VERTEX_POINT ( 'NONE', #1746 ) ;
#704 = CARTESIAN_POINT ( 'NONE',  ( 2.108804513907164502, 2.698840561687890105, 0.6342078677548269594 ) ) ;
#705 = AXIS2_PLACEMENT_3D ( 'NONE', #2443, #554, #340 ) ;
#706 = CARTESIAN_POINT ( 'NONE',  ( 0.8499999999999997558, 4.100000000000000533, -0.1000000000000000472 ) ) ;
#707 = CARTESIAN_POINT ( 'NONE',  ( 2.249999999999999556, 2.799090152378595597, -0.001473417842693615712 ) ) ;
#708 = EDGE_CURVE ( 'NONE', #245, #14, #808, .T. ) ;
#709 = CARTESIAN_POINT ( 'NONE',  ( 0.9404626183692649244, 1.871137641489666104, -0.3416884472143447149 ) ) ;
#710 =( GEOMETRIC_REPRESENTATION_CONTEXT ( 3 ) GLOBAL_UNCERTAINTY_ASSIGNED_CONTEXT ( ( #693 ) ) GLOBAL_UNIT_ASSIGNED_CONTEXT ( ( #2422, #2661, #1843 ) ) REPRESENTATION_CONTEXT ( 'NONE', 'WORKASPACE' ) );
#711 = CARTESIAN_POINT ( 'NONE',  ( -1.035278521609983127, 1.819543492064354728, 0.1164891245844991569 ) ) ;
#712 = ORIENTED_EDGE ( 'NONE', *, *, #1737, .F. ) ;
#713 = VERTEX_POINT ( 'NONE', #1997 ) ;
#714 = CARTESIAN_POINT ( 'NONE',  ( 2.250000000000000000, 5.500000000000000888, -0.1000000000000000472 ) ) ;
#715 = ORIENTED_EDGE ( 'NONE', *, *, #86, .F. ) ;
#716 = CIRCLE ( 'NONE', #2198, 0.2500000000000003886 ) ;
#717 = CARTESIAN_POINT ( 'NONE',  ( 1.250000000000000222, 1.240239266662187756, 0.1142618748669499834 ) ) ;
#718 = DIRECTION ( 'NONE',  ( 0.8660254037844411501, 0.4999999999999956701, 0.000000000000000000 ) ) ;
#719 = DIRECTION ( 'NONE',  ( -0.07473610405458350203, 0.7787756959278689939, -0.6228345929561124317 ) ) ;
#720 = B_SPLINE_CURVE_WITH_KNOTS ( 'NONE', 3,
 ( #2632, #747, #609, #427 ),
 .UNSPECIFIED., .F., .F.,
 ( 4, 4 ),
 ( 0.000000000000000000, 1.000000000000000000 ),
 .UNSPECIFIED. ) ;
#721 = CARTESIAN_POINT ( 'NONE',  ( 2.210754617700828817, 2.816833404545851849, -0.4790851186175233423 ) ) ;
#722 = CARTESIAN_POINT ( 'NONE',  ( 0.8499999999999997558, 3.317712699598606374, -1.499999999999999778 ) ) ;
#723 = CYLINDRICAL_SURFACE ( 'NONE', #1576, 1.399999999999999911 ) ;
#724 = B_SPLINE_CURVE_WITH_KNOTS ( 'NONE', 3,
 ( #524, #308, #1815, #764, #1153, #2011, #1350, #2227, #1596, #942, #1558, #2424, #1777, #116, #2214, #1791, #2609, #551, #1392, #2023 ),
 .UNSPECIFIED., .F., .F.,
 ( 4, 2, 2, 2, 2, 2, 2, 2, 2, 4 ),
 ( 2.143002498984704005E-14, 0.0001371634328534713696, 0.0002743268656855127243, 0.0005486537313495955422, 0.0008229805970136784684, 0.001097307462677761828, 0.001371634328341844863, 0.001645961194005928115, 0.001920288059670011366, 0.002194614925334094618 ),
 .UNSPECIFIED. ) ;
#725 = ORIENTED_EDGE ( 'NONE', *, *, #891, .F. ) ;
#726 = CARTESIAN_POINT ( 'NONE',  ( -0.9399549444228643136, 1.851779477781937411, 0.1564256359874431068 ) ) ;
#727 = ORIENTED_EDGE ( 'NONE', *, *, #904, .T. ) ;
#728 = CIRCLE ( 'NONE', #1206, 0.04999999999999883010 ) ;
#729 = ORIENTED_EDGE ( 'NONE', *, *, #904, .F. ) ;
#730 = CARTESIAN_POINT ( 'NONE',  ( 2.077614770644702347, 1.495248937421257418, -0.1142618748669499834 ) ) ;
#731 = CIRCLE ( 'NONE', #1161, 1.399999999999999911 ) ;
#732 = SPHERICAL_SURFACE ( 'NONE', #1366, 1.399999999999999911 ) ;
#733 = CARTESIAN_POINT ( 'NONE',  ( 2.249809434320912516, 2.758655716979539374, -0.02836436067889628113 ) ) ;
#734 = CARTESIAN_POINT ( 'NONE',  ( -1.340178567803194554, 1.266657263374027176, 0.3420052851429717933 ) ) ;
#735 = DIRECTION ( 'NONE',  ( 0.000000000000000000, 0.6245813303417314666, -0.7809597696351284757 ) ) ;
#736 = FACE_OUTER_BOUND ( 'NONE', #1946, .T. ) ;
#737 = ORIENTED_EDGE ( 'NONE', *, *, #985, .T. ) ;
#738 = CARTESIAN_POINT ( 'NONE',  ( -0.8917098794748475887, 2.995282733858121382, -1.474643551599989832 ) ) ;
#739 = PLANE ( 'NONE',  #949 ) ;
#740 = EDGE_LOOP ( 'NONE', ( #742, #366, #49, #1993 ) ) ;
#741 = CARTESIAN_POINT ( 'NONE',  ( -2.248486198034455708, 2.737657397093752110, 0.06685486228779710660 ) ) ;
#742 = ORIENTED_EDGE ( 'NONE', *, *, #1331, .F. ) ;
#743 = ORIENTED_EDGE ( 'NONE', *, *, #1895, .T. ) ;
#744 = CARTESIAN_POINT ( 'NONE',  ( -2.250000000000000000, 5.500000000000000888, 1.500000000000000000 ) ) ;
#745 = CARTESIAN_POINT ( 'NONE',  ( 2.040058676367906720, 2.250212992120516731, 0.5056593805944410436 ) ) ;
#746 = DIRECTION ( 'NONE',  ( 1.000000000000000000, -0.000000000000000000, -0.000000000000000000 ) ) ;
#747 = CARTESIAN_POINT ( 'NONE',  ( -2.077614770644702347, 1.495248937421257418, 0.000000000000000000 ) ) ;
#748 = CARTESIAN_POINT ( 'NONE',  ( 2.107760247393896780, 2.856914659721830230, -0.7169891035789427436 ) ) ;
#749 =( LENGTH_UNIT ( ) NAMED_UNIT ( * ) SI_UNIT ( .MILLI., .METRE. ) );
#750 = ORIENTED_EDGE ( 'NONE', *, *, #1680, .T. ) ;
#751 = EDGE_CURVE ( 'NONE', #1143, #149, #1106, .T. ) ;
#752 = CARTESIAN_POINT ( 'NONE',  ( -1.500000000000000666, 0.9237604307033958628, 0.000000000000000000 ) ) ;
#753 = CARTESIAN_POINT ( 'NONE',  ( 1.205334512457958862, 2.870546762760988191, 1.482422000451776523 ) ) ;
#754 = ORIENTED_EDGE ( 'NONE', *, *, #1691, .F. ) ;
#755 = DIRECTION ( 'NONE',  ( 0.000000000000000000, 1.000000000000000000, 0.000000000000000000 ) ) ;
#756 = ORIENTED_EDGE ( 'NONE', *, *, #1264, .F. ) ;
#757 = CARTESIAN_POINT ( 'NONE',  ( -0.9405178795088618982, 2.259121266541532780, 1.074843828373799548 ) ) ;
#758 = CARTESIAN_POINT ( 'NONE',  ( -2.474999999999997424, 0.4763139720814432154, -3.061616997868387948E-17 ) ) ;
#759 = CARTESIAN_POINT ( 'NONE',  ( -1.715086915925554845, 1.957402797699357100, 0.6909563116423916851 ) ) ;
#760 = CARTESIAN_POINT ( 'NONE',  ( 2.130484146357216613, 2.848082569955146415, -0.6686788559670329146 ) ) ;
#761 =( NAMED_UNIT ( * ) SI_UNIT ( $, .STERADIAN. ) SOLID_ANGLE_UNIT ( ) );
#762 = ORIENTED_EDGE ( 'NONE', *, *, #2113, .T. ) ;
#763 = CYLINDRICAL_SURFACE ( 'NONE', #971, 0.2500000000000003886 ) ;
#764 = CARTESIAN_POINT ( 'NONE',  ( -2.220117065036308901, 2.585246796900707800, 0.2357455186801009350 ) ) ;
#765 =( LENGTH_UNIT ( ) NAMED_UNIT ( * ) SI_UNIT ( .MILLI., .METRE. ) );
#766 = ADVANCED_FACE ( 'NONE', ( #2635 ), #1761, .F. ) ;
#767 = CARTESIAN_POINT ( 'NONE',  ( -2.250000000000000000, 4.100000000000000533, 0.1000000000000000472 ) ) ;
#768 = DIRECTION ( 'NONE',  ( 1.000000000000000000, 0.000000000000000000, 0.000000000000000000 ) ) ;
#769 = EDGE_CURVE ( 'NONE', #2398, #1323, #294, .T. ) ;
#770 = AXIS2_PLACEMENT_3D ( 'NONE', #2536, #943, #1338 ) ;
#771 = CARTESIAN_POINT ( 'NONE',  ( 0.9592823564893435684, 1.849477376734574907, 0.2506879952768395481 ) ) ;
#772 = CARTESIAN_POINT ( 'NONE',  ( -0.9429948539303805166, 2.179458921016650397, -1.002187555678128339 ) ) ;
#773 = CARTESIAN_POINT ( 'NONE',  ( -1.295983361691202429, 1.807610384529080294, -0.4881065764488993208 ) ) ;
#774 = CARTESIAN_POINT ( 'NONE',  ( -2.750000000000000888, -1.734723475976807094E-15, 0.000000000000000000 ) ) ;
#775 = EDGE_LOOP ( 'NONE', ( #678, #1187, #2362, #95 ) ) ;
#776 = DIRECTION ( 'NONE',  ( 0.000000000000000000, 0.000000000000000000, 1.000000000000000000 ) ) ;
#777 = EDGE_CURVE ( 'NONE', #2628, #73, #1830, .T. ) ;
#778 = CIRCLE ( 'NONE', #2495, 0.2500000000000003886 ) ;
#779 = CARTESIAN_POINT ( 'NONE',  ( -0.8499999999999997558, 3.317712699598606374, -1.499999999999999778 ) ) ;
#780 = CARTESIAN_POINT ( 'NONE',  ( 2.245426812623728896, 2.705777557590604676, 0.1000000000000000472 ) ) ;
#781 = ORIENTED_EDGE ( 'NONE', *, *, #1128, .F. ) ;
#782 = DIRECTION ( 'NONE',  ( -0.1530338941884814563, 0.04908302498005417958, 0.9870012583012831575 ) ) ;
#783 = VERTEX_POINT ( 'NONE', #1170 ) ;
#784 = CARTESIAN_POINT ( 'NONE',  ( 1.068679564664567261, 1.748765809586286135, -0.02334063793049753754 ) ) ;
#785 = CARTESIAN_POINT ( 'NONE',  ( -1.145595179554013798, 1.890987090177808971, 0.5738463733681040679 ) ) ;
#786 = CIRCLE ( 'NONE', #359, 1.399999999999999911 ) ;
#787 = CARTESIAN_POINT ( 'NONE',  ( 1.284656532445808796, 1.936234762329346992, 0.6816141288306578616 ) ) ;
#788 = CARTESIAN_POINT ( 'NONE',  ( 1.096982411943257185, 1.724740828860077846, -0.1177329052112197350 ) ) ;
#789 = CARTESIAN_POINT ( 'NONE',  ( -2.245176429993597900, 2.686470453411618386, 0.07582886964839241628 ) ) ;
#790 = CARTESIAN_POINT ( 'NONE',  ( -2.200000000000001510, 0.000000000000000000, -3.061616997868387948E-17 ) ) ;
#791 = ORIENTED_EDGE ( 'NONE', *, *, #1879, .F. ) ;
#792 = EDGE_CURVE ( 'NONE', #1196, #73, #724, .T. ) ;
#793 = CARTESIAN_POINT ( 'NONE',  ( 2.163153389811852456, 2.449917525803089635, -0.3579486142050855024 ) ) ;
#794 = AXIS2_PLACEMENT_3D ( 'NONE', #1138, #1744, #1967 ) ;
#795 = CARTESIAN_POINT ( 'NONE',  ( -0.9299882062258929549, 2.534929708684861449, -1.296908504224178804 ) ) ;
#796 = FACE_OUTER_BOUND ( 'NONE', #1562, .T. ) ;
#797 = ORIENTED_EDGE ( 'NONE', *, *, #1403, .F. ) ;
#798 = DIRECTION ( 'NONE',  ( -1.000000000000000000, 0.000000000000000000, 0.000000000000000000 ) ) ;
#799 = CARTESIAN_POINT ( 'NONE',  ( 1.029618876447102593, 1.821475396219105924, -0.09994631714474115636 ) ) ;
#800 = CARTESIAN_POINT ( 'NONE',  ( -2.028123888640445127, 2.296772080771390279, 0.5360038112065654836 ) ) ;
#801 = ORIENTED_EDGE ( 'NONE', *, *, #2165, .T. ) ;
#802 = CARTESIAN_POINT ( 'NONE',  ( -0.8500000000000000888, 3.317712699598606374, 1.499999999999999778 ) ) ;
#803 = CARTESIAN_POINT ( 'NONE',  ( 2.225000000000000533, 0.04330127018922123872, 0.000000000000000000 ) ) ;
#804 = CARTESIAN_POINT ( 'NONE',  ( -2.245426812628354973, 2.705777557591182436, 0.09999999997186623246 ) ) ;
#805 = CARTESIAN_POINT ( 'NONE',  ( -0.8499999999999997558, 4.100000000000000533, -1.500000000000000000 ) ) ;
#806 = CARTESIAN_POINT ( 'NONE',  ( 0.000000000000000000, 0.000000000000000000, 0.000000000000000000 ) ) ;
#807 = VERTEX_POINT ( 'NONE', #2190 ) ;
#808 = CIRCLE ( 'NONE', #2340, 0.3000000000000000444 ) ;
#809 = CARTESIAN_POINT ( 'NONE',  ( 2.241574353826008892, 2.643700345292931075, -0.1038224383328087003 ) ) ;
#810 = CARTESIAN_POINT ( 'NONE',  ( -0.9425748616873339536, 1.999037805618009367, -0.7169891041628015937 ) ) ;
#811 = CARTESIAN_POINT ( 'NONE',  ( 1.068679564664587467, 1.748765809586274367, 0.02411682736237300353 ) ) ;
#812 = ORIENTED_EDGE ( 'NONE', *, *, #351, .F. ) ;
#813 = DIRECTION ( 'NONE',  ( 0.000000000000000000, 0.000000000000000000, 1.000000000000000000 ) ) ;
#814 = CARTESIAN_POINT ( 'NONE',  ( 2.500000000000000444, -1.734723475976807094E-15, 0.2500000000000003886 ) ) ;
#815 = CARTESIAN_POINT ( 'NONE',  ( -1.554188630544772520, 1.988959863537757666, 0.6763079192364573888 ) ) ;
#816 = ORIENTED_EDGE ( 'NONE', *, *, #2158, .T. ) ;
#817 = CARTESIAN_POINT ( 'NONE',  ( 1.069195485703981596, 1.812823475961343522, 0.2162342785844711679 ) ) ;
#818 = CARTESIAN_POINT ( 'NONE',  ( 2.248215911422634328, 2.722560861144844413, 0.05220766678815246670 ) ) ;
#819 = CARTESIAN_POINT ( 'NONE',  ( -2.219682767564785664, 2.583998975049999203, 0.2373968596786240060 ) ) ;
#820 = CARTESIAN_POINT ( 'NONE',  ( -1.081241156979014573, 1.736973581301421543, 0.07001649453754169028 ) ) ;
#821 = CARTESIAN_POINT ( 'NONE',  ( -1.096982411943096203, 1.724740828860226838, -0.1177329052108903040 ) ) ;
#822 = VERTEX_POINT ( 'NONE', #1141 ) ;
#823 = CIRCLE ( 'NONE', #1481, 0.2500000000000003886 ) ;
#824 = B_SPLINE_CURVE_WITH_KNOTS ( 'NONE', 3,
 ( #254, #230, #883, #474, #2562, #2350, #461, #1095, #2573, #905 ),
 .UNSPECIFIED., .F., .F.,
 ( 4, 2, 2, 2, 4 ),
 ( 5.626557223013493056E-05, 0.0006078448390087579393, 0.001159424105787381070, 0.001711003372566004092, 0.002262582639344627115 ),
 .UNSPECIFIED. ) ;
#825 = CARTESIAN_POINT ( 'NONE',  ( 1.889720471608148156, 2.940695960824077471, 1.041928159048200797 ) ) ;
#826 = CIRCLE ( 'NONE', #1868, 0.2999999999999998779 ) ;
#827 = B_SPLINE_SURFACE_WITH_KNOTS ( 'NONE', 3, 3, ( 
 ( #1866, #1458, #2277, #1219 ),
 ( #998, #984, #1675, #2710 ),
 ( #2248, #358, #424, #1205 ),
 ( #137, #1262, #2509, #2681 ),
 ( #1426, #2295, #165, #2696 ),
 ( #392, #1244, #1584, #2637 ),
 ( #2612, #512, #1132, #1353 ),
 ( #2191, #1547, #1748, #2201 ),
 ( #134, #1365, #2427, #311 ),
 ( #2389, #945, #527, #1172 ),
 ( #1780, #537, #1764, #1598 ),
 ( #1156, #2178, #1378, #2012 ) ),
 .UNSPECIFIED., .T., .F., .F.,
 ( 4, 1, 1, 1, 2, 1, 1, 1, 4 ),
 ( 4, 4 ),
 ( 0.000000000000000000, 0.1250000000000000000, 0.2500000000000000000, 0.3750000000000000000, 0.5000000000000000000, 0.6250000000000000000, 0.7500000000000000000, 0.8750000000000000000, 1.000000000000000000 ),
 ( 0.000000000000000000, 1.000000000000000000 ),
 .UNSPECIFIED. ) ;
#828 = CARTESIAN_POINT ( 'NONE',  ( -2.230296286274676909, 2.809055843983000678, -0.3416884473357899021 ) ) ;
#829 = VECTOR ( 'NONE', #1399, 1000.000000000000114 ) ;
#830 = CARTESIAN_POINT ( 'NONE',  ( 2.250000000000218492, 2.801304869776240825, 0.1615644133251227799 ) ) ;
#831 = EDGE_CURVE ( 'NONE', #255, #583, #131, .T. ) ;
#832 = CARTESIAN_POINT ( 'NONE',  ( 2.250000000000000000, 4.100000000000000533, -0.1000000000000000472 ) ) ;
#833 = DIRECTION ( 'NONE',  ( 0.000000000000000000, 1.000000000000000000, 0.000000000000000000 ) ) ;
#834 = CARTESIAN_POINT ( 'NONE',  ( -1.843055292524056643, 2.153287168905096749, 0.6500666230674523316 ) ) ;
#835 = DIRECTION ( 'NONE',  ( -0.000000000000000000, -0.000000000000000000, -1.000000000000000000 ) ) ;
#836 = CARTESIAN_POINT ( 'NONE',  ( -2.249983903323338197, 2.794660800856068938, 0.004420244535638280514 ) ) ;
#837 = CARTESIAN_POINT ( 'NONE',  ( -2.216817027013521013, 2.562684167365271382, 0.2197285436866867614 ) ) ;
#838 = CARTESIAN_POINT ( 'NONE',  ( -1.068679564664585468, 1.748765809586280584, -0.02334063793097024622 ) ) ;
#839 = CARTESIAN_POINT ( 'NONE',  ( -0.9257705226149712807, 1.855170880945327783, -0.1000000000000006162 ) ) ;
#840 = ORIENTED_EDGE ( 'NONE', *, *, #1879, .T. ) ;
#841 = CARTESIAN_POINT ( 'NONE',  ( -1.663807385322351395, 1.367744102041722032, 0.4841335630863352057 ) ) ;
#842 = CARTESIAN_POINT ( 'NONE',  ( -2.163153389813075034, 2.449917525805369145, -0.3579486142026835904 ) ) ;
#843 = CARTESIAN_POINT ( 'NONE',  ( -1.666044897047126438, 2.245087808376267091, -1.357250670341600296 ) ) ;
#844 = DIRECTION ( 'NONE',  ( -1.000000000000000000, 0.000000000000000000, 0.000000000000000000 ) ) ;
#845 = CARTESIAN_POINT ( 'NONE',  ( 1.500000000000000444, 0.9237604307033957518, 0.000000000000000000 ) ) ;
#846 = ADVANCED_FACE ( 'NONE', ( #496 ), #979, .T. ) ;
#847 = FACE_OUTER_BOUND ( 'NONE', #1339, .T. ) ;
#848 = CARTESIAN_POINT ( 'NONE',  ( -1.041289671170737563, 1.817742933213301049, 0.1328942522285899430 ) ) ;
#849 = AXIS2_PLACEMENT_3D ( 'NONE', #280, #1322, #900 ) ;
#850 = VECTOR ( 'NONE', #1928, 1000.000000000000000 ) ;
#851 = CARTESIAN_POINT ( 'NONE',  ( -2.249999999999999556, 2.801304834897995644, 0.000000000000000000 ) ) ;
#852 = CARTESIAN_POINT ( 'NONE',  ( -2.210754617700828817, 2.816833404545852293, 0.4790851186175232868 ) ) ;
#853 = EDGE_LOOP ( 'NONE', ( #1182, #2476, #2732, #1526 ) ) ;
#854 = CARTESIAN_POINT ( 'NONE',  ( -2.249999999999999112, 2.142570782904941851, 0.1630739033063970111 ) ) ;
#855 = CARTESIAN_POINT ( 'NONE',  ( -1.464166791218846964, 1.826874716127250720, -0.5948953360834862147 ) ) ;
#856 = AXIS2_PLACEMENT_3D ( 'NONE', #2170, #1135, #516 ) ;
#857 = FACE_OUTER_BOUND ( 'NONE', #59, .T. ) ;
#858 = CARTESIAN_POINT ( 'NONE',  ( -2.249999999999999556, 2.801304834897995644, 0.1000000000000000472 ) ) ;
#859 = DIRECTION ( 'NONE',  ( 0.4999999999999960032, -0.8660254037844408170, 0.000000000000000000 ) ) ;
#860 = CARTESIAN_POINT ( 'NONE',  ( 1.250000000000000222, 0.9237604307033958628, -4.743384504624081899E-17 ) ) ;
#861 = ADVANCED_FACE ( 'NONE', ( #2487 ), #2038, .T. ) ;
#862 = DIRECTION ( 'NONE',  ( -1.000000000000000000, 0.000000000000000000, 0.000000000000000000 ) ) ;
#863 = CARTESIAN_POINT ( 'NONE',  ( -2.245176429993597900, 2.686470453411618386, 0.07582886964839241628 ) ) ;
#864 = CARTESIAN_POINT ( 'NONE',  ( -1.889731026511903611, 2.940691947257374039, 1.041916383839799565 ) ) ;
#865 = CARTESIAN_POINT ( 'NONE',  ( 1.144568691502817925, 1.890691966496994114, -0.5727733997342585592 ) ) ;
#866 = DIRECTION ( 'NONE',  ( 0.000000000000000000, 0.000000000000000000, 1.000000000000000000 ) ) ;
#867 = CARTESIAN_POINT ( 'NONE',  ( -2.168060699422213577, 2.480345671338549440, -0.3824538373923719869 ) ) ;
#868 = CARTESIAN_POINT ( 'NONE',  ( 1.157801726569005707, 1.704959569514130857, 0.2770551433942773922 ) ) ;
#869 = VECTOR ( 'NONE', #2207, 1000.000000000000000 ) ;
#870 = CARTESIAN_POINT ( 'NONE',  ( 2.248397786827606826, 2.724720424228273430, -0.05079422896440374813 ) ) ;
#871 = FACE_OUTER_BOUND ( 'NONE', #1751, .T. ) ;
#872 = CARTESIAN_POINT ( 'NONE',  ( -1.246631690376611257, 1.724837490793900807, -0.4192773643900180036 ) ) ;
#873 = FACE_OUTER_BOUND ( 'NONE', #2570, .T. ) ;
#874 = CARTESIAN_POINT ( 'NONE',  ( -2.208078142256673537, 2.509194860936392324, 0.2365049691745614857 ) ) ;
#875 = CARTESIAN_POINT ( 'NONE',  ( 0.9399549444205947957, 1.851779477782205641, -0.1564256359763368243 ) ) ;
#876 = CARTESIAN_POINT ( 'NONE',  ( -1.696127815876268485, 0.9237604307033957518, -0.1959039938370445710 ) ) ;
#877 = CARTESIAN_POINT ( 'NONE',  ( -2.028497131698056677, 2.297122987386752246, -0.5356487352367559351 ) ) ;
#878 = CARTESIAN_POINT ( 'NONE',  ( 1.137268021854076272, 1.888554527073695866, 0.5653882238199660071 ) ) ;
#879 = ADVANCED_FACE ( 'NONE', ( #2272 ), #1054, .T. ) ;
#880 = EDGE_LOOP ( 'NONE', ( #2265, #483, #1682, #2308, #1294, #1572 ) ) ;
#881 = CARTESIAN_POINT ( 'NONE',  ( 2.245426812625958224, 2.705777557613839868, -0.09999999999989209187 ) ) ;
#882 = CARTESIAN_POINT ( 'NONE',  ( -0.9429219852900246890, 2.075182044296858930, 0.8527041159452500851 ) ) ;
#883 = CARTESIAN_POINT ( 'NONE',  ( 0.9416532373133545963, 1.905797324553715422, 0.5227903642442065513 ) ) ;
#884 = ORIENTED_EDGE ( 'NONE', *, *, #1845, .T. ) ;
#885 = CARTESIAN_POINT ( 'NONE',  ( 1.715086915925553956, 1.957402797699356656, -0.6909563116423923512 ) ) ;
#886 = VECTOR ( 'NONE', #1980, 1000.000000000000000 ) ;
#887 = CARTESIAN_POINT ( 'NONE',  ( -1.250000000000000222, 1.240239266662187756, -0.1142618748669499834 ) ) ;
#888 = CARTESIAN_POINT ( 'NONE',  ( -2.245176429993583689, 2.686470453411446524, -0.07582886964850363287 ) ) ;
#889 = EDGE_CURVE ( 'NONE', #73, #1750, #1212, .T. ) ;
#890 = DIRECTION ( 'NONE',  ( 0.000000000000000000, 0.000000000000000000, 1.000000000000000000 ) ) ;
#891 = EDGE_CURVE ( 'NONE', #528, #2537, #1831, .T. ) ;
#892 = CARTESIAN_POINT ( 'NONE',  ( -1.743956604545533029, 2.136450223857961017, 1.313861253158921549 ) ) ;
#893 = CARTESIAN_POINT ( 'NONE',  ( -2.226110961054219128, 2.557791275586963842, -0.1846960030890355819 ) ) ;
#894 = ORIENTED_EDGE ( 'NONE', *, *, #2134, .T. ) ;
#895 = ADVANCED_FACE ( 'NONE', ( #580 ), #1421, .T. ) ;
#896 = CARTESIAN_POINT ( 'NONE',  ( 1.798338747647989511, 2.041883152013018066, 0.6349847516882574094 ) ) ;
#897 = DIRECTION ( 'NONE',  ( 0.000000000000000000, 0.000000000000000000, 1.000000000000000000 ) ) ;
#898 = ADVANCED_FACE ( 'NONE', ( #857 ), #596, .F. ) ;
#899 = CARTESIAN_POINT ( 'NONE',  ( 1.078514559453307653, 1.872455977418876483, 0.4940148450423325066 ) ) ;
#900 = DIRECTION ( 'NONE',  ( -1.000000000000000000, 0.000000000000000000, 0.000000000000000000 ) ) ;
#901 = CARTESIAN_POINT ( 'NONE',  ( -2.249994545154529124, 2.797490500440359185, -0.004018186760918868693 ) ) ;
#902 = VECTOR ( 'NONE', #1805, 1000.000000000000000 ) ;
#903 = CARTESIAN_POINT ( 'NONE',  ( -2.250000000000001776, 2.801304834897998752, 0.09999999999638463366 ) ) ;
#904 = EDGE_CURVE ( 'NONE', #2072, #328, #2140, .T. ) ;
#905 = CARTESIAN_POINT ( 'NONE',  ( 0.8499999999999996447, 3.317712699598606374, 1.500000000000000000 ) ) ;
#906 = CIRCLE ( 'NONE', #465, 0.2500000000000003886 ) ;
#907 = EDGE_CURVE ( 'NONE', #553, #401, #2711, .T. ) ;
#908 = CARTESIAN_POINT ( 'NONE',  ( 1.594961240310076800, 2.325949196461034152, 0.8977790601984482199 ) ) ;
#909 = MECHANICAL_DESIGN_GEOMETRIC_PRESENTATION_REPRESENTATION (  '', ( #1734 ), #425 ) ;
#910 = FACE_OUTER_BOUND ( 'NONE', #133, .T. ) ;
#911 = SURFACE_STYLE_FILL_AREA ( #1320 ) ;
#912 = CARTESIAN_POINT ( 'NONE',  ( 0.9257705226148293942, 1.855170880945373302, -0.1000000000000000472 ) ) ;
#913 = CARTESIAN_POINT ( 'NONE',  ( -1.086337829058225513, 1.732279609409632437, -0.08580044645134927983 ) ) ;
#914 = ORIENTED_EDGE ( 'NONE', *, *, #1264, .T. ) ;
#915 = FACE_OUTER_BOUND ( 'NONE', #222, .T. ) ;
#916 = CARTESIAN_POINT ( 'NONE',  ( 1.466305015389647304, 2.520416353257474373, 1.434636619862586615 ) ) ;
#917 = ORIENTED_EDGE ( 'NONE', *, *, #1176, .F. ) ;
#918 = EDGE_CURVE ( 'NONE', #783, #713, #2423, .T. ) ;
#919 = ORIENTED_EDGE ( 'NONE', *, *, #1952, .T. ) ;
#920 = DIRECTION ( 'NONE',  ( 0.000000000000000000, -0.000000000000000000, -1.000000000000000000 ) ) ;
#921 = AXIS2_PLACEMENT_3D ( 'NONE', #2245, #996, #1818 ) ;
#922 = CARTESIAN_POINT ( 'NONE',  ( 2.241570417701470141, 2.643653609203126198, 0.1038530281244979536 ) ) ;
#923 = DIRECTION ( 'NONE',  ( 0.000000000000000000, 1.000000000000000000, 0.000000000000000000 ) ) ;
#924 = CARTESIAN_POINT ( 'NONE',  ( 1.029091112160524846, 3.255556796600716840, -1.499999999999999556 ) ) ;
#925 = CARTESIAN_POINT ( 'NONE',  ( 0.9399224558533406659, 1.850593566101626175, -0.1615644132339214278 ) ) ;
#926 = DIRECTION ( 'NONE',  ( 0.9881923245753497786, 0.000000000000000000, 0.1532185682297239060 ) ) ;
#927 = ORIENTED_EDGE ( 'NONE', *, *, #2099, .F. ) ;
#928 = DIRECTION ( 'NONE',  ( 0.07473610406226008362, -0.7787756959494972486, -0.6228345929281476900 ) ) ;
#929 =( NAMED_UNIT ( * ) PLANE_ANGLE_UNIT ( ) SI_UNIT ( $, .RADIAN. ) );
#930 = ORIENTED_EDGE ( 'NONE', *, *, #972, .F. ) ;
#931 = CARTESIAN_POINT ( 'NONE',  ( 0.8341478729539493209, 1.569504484480691797, -0.09999999999900632819 ) ) ;
#932 = EDGE_CURVE ( 'NONE', #1196, #2175, #248, .T. ) ;
#933 = ORIENTED_EDGE ( 'NONE', *, *, #324, .F. ) ;
#934 = CIRCLE ( 'NONE', #1325, 4.431249999999999467 ) ;
#935 = ORIENTED_EDGE ( 'NONE', *, *, #2205, .T. ) ;
#936 = CARTESIAN_POINT ( 'NONE',  ( 1.340178567803194554, 1.266657263374027176, 0.3420052851429717933 ) ) ;
#937 = CARTESIAN_POINT ( 'NONE',  ( 2.028123888635466443, 2.296772080766915636, 0.5360038112110834252 ) ) ;
#938 = FACE_OUTER_BOUND ( 'NONE', #853, .T. ) ;
#939 = CARTESIAN_POINT ( 'NONE',  ( 1.068679564664602344, 1.748765809586256603, -6.735269736742977457E-14 ) ) ;
#940 = CARTESIAN_POINT ( 'NONE',  ( 1.596045986162504926, 3.050966421978348997, -1.296908506068342293 ) ) ;
#941 = CARTESIAN_POINT ( 'NONE',  ( -0.8499999999999992006, -1.031250000000000000, 0.1000000000000000472 ) ) ;
#942 = CARTESIAN_POINT ( 'NONE',  ( -1.842736228123914577, 2.198512110722277590, 0.7101097868360164433 ) ) ;
#943 = DIRECTION ( 'NONE',  ( 0.000000000000000000, -0.000000000000000000, -1.000000000000000000 ) ) ;
#944 = VERTEX_POINT ( 'NONE', #1539 ) ;
#945 = CARTESIAN_POINT ( 'NONE',  ( 1.987436202841508237, 1.468830940709419108, 0.3420052851429721263 ) ) ;
#946 =( GEOMETRIC_REPRESENTATION_CONTEXT ( 3 ) GLOBAL_UNCERTAINTY_ASSIGNED_CONTEXT ( ( #1297 ) ) GLOBAL_UNIT_ASSIGNED_CONTEXT ( ( #765, #929, #117 ) ) REPRESENTATION_CONTEXT ( 'NONE', 'WORKASPACE' ) );
#947 = VERTEX_POINT ( 'NONE', #304 ) ;
#948 = ORIENTED_EDGE ( 'NONE', *, *, #1386, .F. ) ;
#949 = AXIS2_PLACEMENT_3D ( 'NONE', #1546, #1571, #1597 ) ;
#950 = CARTESIAN_POINT ( 'NONE',  ( 2.167683146806232308, 2.417419055833339048, 0.3361419919626548181 ) ) ;
#951 = CIRCLE ( 'NONE', #1652, 1.399999999999999911 ) ;
#952 = CARTESIAN_POINT ( 'NONE',  ( -2.108804513907165834, 2.698840561687891437, -0.6342078677548249610 ) ) ;
#953 = EDGE_CURVE ( 'NONE', #2524, #293, #1385, .T. ) ;
#954 = CARTESIAN_POINT ( 'NONE',  ( 0.9426789125901623434, 2.133038236686714662, -0.9323159585282616568 ) ) ;
#955 = CARTESIAN_POINT ( 'NONE',  ( -2.544054856415377319, 2.677119374397964435, -0.09999999996650625611 ) ) ;
#956 = CARTESIAN_POINT ( 'NONE',  ( 1.795461907857544448, 2.976346084275538040, 1.136047984956468193 ) ) ;
#957 = CARTESIAN_POINT ( 'NONE',  ( 2.500000000000000444, -6.999999999999999112, 0.000000000000000000 ) ) ;
#958 = CARTESIAN_POINT ( 'NONE',  ( 2.249994545154529568, 2.797490500440477756, -0.004018186761036331156 ) ) ;
#959 = CARTESIAN_POINT ( 'NONE',  ( -1.527469875351653350, 2.436657572777274350, 1.417132019829009382 ) ) ;
#960 = DIRECTION ( 'NONE',  ( 0.000000000000000000, 0.000000000000000000, 1.000000000000000000 ) ) ;
#961 = CARTESIAN_POINT ( 'NONE',  ( -1.081117966712989986, 1.953057831234179753, -0.6342078677548265153 ) ) ;
#962 = CARTESIAN_POINT ( 'NONE',  ( 1.302957532768645343, 2.741633294208773552, -1.472061297639885247 ) ) ;
#963 = PRESENTATION_STYLE_ASSIGNMENT (( #335 ) ) ;
#964 = EDGE_LOOP ( 'NONE', ( #1389, #840, #1466, #2716, #1227, #2678 ) ) ;
#965 = AXIS2_PLACEMENT_3D ( 'NONE', #1985, #2650, #1395 ) ;
#966 = EDGE_CURVE ( 'NONE', #293, #583, #1957, .T. ) ;
#967 = DIRECTION ( 'NONE',  ( -9.637352644315594010E-17, -1.000000000000000000, -0.000000000000000000 ) ) ;
#968 = ORIENTED_EDGE ( 'NONE', *, *, #410, .T. ) ;
#969 = CYLINDRICAL_SURFACE ( 'NONE', #1098, 0.2500000000000003886 ) ;
#970 = DIRECTION ( 'NONE',  ( -9.637352644315594010E-17, 1.000000000000000000, 0.000000000000000000 ) ) ;
#971 = AXIS2_PLACEMENT_3D ( 'NONE', #1875, #385, #563 ) ;
#972 = EDGE_CURVE ( 'NONE', #2667, #2398, #951, .T. ) ;
#973 = CARTESIAN_POINT ( 'NONE',  ( -0.8499999999999997558, 3.317712699598606374, 1.499999999999999778 ) ) ;
#974 = CARTESIAN_POINT ( 'NONE',  ( -0.8499999999999992006, -1.031250000000000000, 1.500000000000000000 ) ) ;
#975 = CARTESIAN_POINT ( 'NONE',  ( -2.249999999999999556, 2.801304834897995644, -0.2118859317458439973 ) ) ;
#976 = CARTESIAN_POINT ( 'NONE',  ( 0.9407675056229294341, 1.883434967046259345, -0.4009142888891262801 ) ) ;
#977 = DIRECTION ( 'NONE',  ( 0.000000000000000000, 0.000000000000000000, 1.000000000000000000 ) ) ;
#978 = CARTESIAN_POINT ( 'NONE',  ( -1.750000000000000888, 0.9237604307033958628, -0.06544984642750291404 ) ) ;
#979 =( BOUNDED_SURFACE ( )  B_SPLINE_SURFACE ( 3, 2, ( 
 ( #779, #2625, #1337 ),
 ( #1130, #1970, #77 ),
 ( #738, #1570, #1637 ),
 ( #1624, #1470, #191 ),
 ( #795, #1654, #2054 ),
 ( #1451, #174, #147 ),
 ( #629, #2705, #1022 ),
 ( #1239, #843, #386 ),
 ( #1256, #370, #1007 ),
 ( #810, #352, #2289 ),
 ( #1214, #2456, #2303 ),
 ( #614, #565, #1225 ),
 ( #2504, #2100, #1877 ),
 ( #2256, #2240, #1847 ),
 ( #211, #1861, #828 ),
 ( #404, #1892, #2518 ),
 ( #2720, #420, #2085 ),
 ( #2070, #161, #2690 ) ),
 .UNSPECIFIED., .F., .F., .T. ) 
 B_SPLINE_SURFACE_WITH_KNOTS ( ( 4, 2, 2, 2, 2, 2, 2, 2, 4 ),
 ( 3, 3 ),
 ( -4.037673387228410509E-06, 0.0002032339885767645406, 0.0004105056505407574672, 0.0005141414815227539304, 0.0006177773125047503937, 0.0006695952279957486254, 0.0007214131434867468570, 0.0007732310589777450886, 0.0008250489744687433203 ),
 ( 0.000000000000000000, 1.000000000000000000 ),
 .UNSPECIFIED. ) 
 GEOMETRIC_REPRESENTATION_ITEM ( )  RATIONAL_B_SPLINE_SURFACE ( (
 ( 1.000000000000000000, 1.000000000000000000, 1.000000000000000000),
 ( 1.000000000000000000, 0.9999403429167447177, 1.000000000000000000),
 ( 1.000000000000000000, 0.9890807004938201308, 1.000000000000000000),
 ( 1.000000000000000000, 0.9451360809696950360, 1.000000000000000000),
 ( 1.000000000000000000, 0.9113588162807902959, 1.000000000000000000),
 ( 1.000000000000000000, 0.8442088516153838373, 1.000000000000000000),
 ( 1.000000000000000000, 0.8191127031950862225, 1.000000000000000000),
 ( 1.000000000000000000, 0.7640165771745173195, 1.000000000000000000),
 ( 1.000000000000000000, 0.7345772213217652835, 1.000000000000000000),
 ( 1.000000000000000000, 0.6906696745510976232, 1.000000000000000000),
 ( 1.000000000000000000, 0.6760073490664600948, 1.000000000000000000),
 ( 1.000000000000000000, 0.6482360136747647994, 1.000000000000000000),
 ( 1.000000000000000000, 0.6353018092878294221, 1.000000000000000000),
 ( 1.000000000000000000, 0.6129510309441484894, 1.000000000000000000),
 ( 1.000000000000000000, 0.6035087897145710034, 1.000000000000000000),
 ( 1.000000000000000000, 0.5907534741445152893, 1.000000000000000000),
 ( 1.000000000000000000, 0.5873254474410282144, 1.000000000000000000),
 ( 1.000000000000000000, 0.5873340108576021734, 1.000000000000000000) ) ) 
 REPRESENTATION_ITEM ( '' )  SURFACE ( )  );
#980 = CARTESIAN_POINT ( 'NONE',  ( 2.034897500849663032, 2.885123123679931290, 0.8527041171118483476 ) ) ;
#981 = CARTESIAN_POINT ( 'NONE',  ( -0.9257705226149715028, 1.855170880945327339, 0.1000000000000000472 ) ) ;
#982 = MANIFOLD_SOLID_BREP ( 'Fillet3', #166 ) ;
#983 = CARTESIAN_POINT ( 'NONE',  ( 1.086413499043836550, 1.732209941916641904, 0.08603492180735893002 ) ) ;
#984 = CARTESIAN_POINT ( 'NONE',  ( 2.077614770644702347, 1.495248937421257418, -0.1142618748669499834 ) ) ;
#985 = EDGE_CURVE ( 'NONE', #944, #528, #778, .T. ) ;
#986 = CIRCLE ( 'NONE', #2576, 0.2500000000000003886 ) ;
#987 = CARTESIAN_POINT ( 'NONE',  ( 2.249999999999999556, 2.801304834897995200, 4.065758146820640395E-17 ) ) ;
#988 = CARTESIAN_POINT ( 'NONE',  ( -2.250000000000000000, 5.500000000000000888, -0.1000000000000000472 ) ) ;
#989 = DIRECTION ( 'NONE',  ( -0.000000000000000000, -1.000000000000000000, -0.000000000000000000 ) ) ;
#990 = CARTESIAN_POINT ( 'NONE',  ( -0.8499999999999997558, 4.100000000000000533, 1.500000000000000000 ) ) ;
#991 = CARTESIAN_POINT ( 'NONE',  ( 2.167768132936083170, 2.417572182302112349, -0.3359720261135494268 ) ) ;
#992 = MANIFOLD_SOLID_BREP ( 'Mirror1[2]', #2069 ) ;
#993 = DIRECTION ( 'NONE',  ( 0.9762043058967087017, 0.000000000000000000, 0.2168528375390212648 ) ) ;
#994 = CARTESIAN_POINT ( 'NONE',  ( 2.188981159985407654, 2.825258254795486312, 0.5128949906254998137 ) ) ;
#995 = ORIENTED_EDGE ( 'NONE', *, *, #1476, .T. ) ;
#996 = DIRECTION ( 'NONE',  ( 0.000000000000000000, 1.000000000000000000, 0.000000000000000000 ) ) ;
#997 = CARTESIAN_POINT ( 'NONE',  ( -1.800000000000000488, 0.9237604307033959739, 0.000000000000000000 ) ) ;
#998 = CARTESIAN_POINT ( 'NONE',  ( 1.750000000000000888, 0.9237604307033958628, -0.06544984642750291404 ) ) ;
#999 = ORIENTED_EDGE ( 'NONE', *, *, #1278, .T. ) ;
#1000 = CARTESIAN_POINT ( 'NONE',  ( -0.9200975500314612088, 2.686599038605131273, 1.373697690947929928 ) ) ;
#1001 = CARTESIAN_POINT ( 'NONE',  ( 0.8499999999999997558, 4.100000000000000533, -0.1000000000000000472 ) ) ;
#1002 = CARTESIAN_POINT ( 'NONE',  ( -2.250000000000000444, 2.801304834897995200, 0.2905644417251326828 ) ) ;
#1003 = CARTESIAN_POINT ( 'NONE',  ( 0.000000000000000000, -1.031250000000000000, 1.500000000000000000 ) ) ;
#1004 = CARTESIAN_POINT ( 'NONE',  ( -2.225000000000000533, 0.04330127018922132198, 0.000000000000000000 ) ) ;
#1005 = B_SPLINE_CURVE_WITH_KNOTS ( 'NONE', 3,
 ( #1472, #2722, #1673, #2305 ),
 .UNSPECIFIED., .F., .F.,
 ( 4, 4 ),
 ( 0.000000000000000000, 7.231660234249313412E-05 ),
 .UNSPECIFIED. ) ;
#1006 = COLOUR_RGB ( '',0.7921568627450980005, 0.8196078431372548767, 0.9333333333333333481 ) ;
#1007 = CARTESIAN_POINT ( 'NONE',  ( -2.034897500849656815, 2.885123123679923296, -0.8527041171118600049 ) ) ;
#1008 = DIRECTION ( 'NONE',  ( -0.8660254037844413721, -0.4999999999999956701, -0.000000000000000000 ) ) ;
#1009 = EDGE_LOOP ( 'NONE', ( #797, #2726, #781, #2428 ) ) ;
#1010 = DIRECTION ( 'NONE',  ( 0.000000000000000000, 1.000000000000000000, 0.000000000000000000 ) ) ;
#1011 = PLANE ( 'NONE',  #1820 ) ;
#1012 = CARTESIAN_POINT ( 'NONE',  ( -2.124474672770567896, 2.398365200566817457, 0.4236905301500945575 ) ) ;
#1013 = VERTEX_POINT ( 'NONE', #84 ) ;
#1014 = CARTESIAN_POINT ( 'NONE',  ( -1.795461907857230255, 2.976346084275705905, 1.136047984956757517 ) ) ;
#1015 = CARTESIAN_POINT ( 'NONE',  ( -0.8965656432686430755, 2.952298685073325046, -1.467054385575165210 ) ) ;
#1016 = FACE_OUTER_BOUND ( 'NONE', #2217, .T. ) ;
#1017 = CARTESIAN_POINT ( 'NONE',  ( -2.024605189150919582, 2.233878281759871243, 0.5187088097197285474 ) ) ;
#1018 = CARTESIAN_POINT ( 'NONE',  ( -1.035278521610074165, 1.819543492064314760, -0.1164891245847353429 ) ) ;
#1019 = AXIS2_PLACEMENT_3D ( 'NONE', #1889, #8, #866 ) ;
#1020 = CARTESIAN_POINT ( 'NONE',  ( 2.033799139080170626, 2.336961361657501790, -0.5758245394140286688 ) ) ;
#1021 = ADVANCED_FACE ( 'NONE', ( #938 ), #2589, .T. ) ;
#1022 = CARTESIAN_POINT ( 'NONE',  ( -1.859150133784394976, 2.952282563204299493, -1.074843829348724578 ) ) ;
#1023 = CARTESIAN_POINT ( 'NONE',  ( 1.068679564664602344, 1.748765809586256603, -6.735269736742977457E-14 ) ) ;
#1024 = CARTESIAN_POINT ( 'NONE',  ( -1.068679564664603454, 1.748765809586254605, 6.677968689947342906E-14 ) ) ;
#1025 = FACE_OUTER_BOUND ( 'NONE', #2416, .T. ) ;
#1026 = CARTESIAN_POINT ( 'NONE',  ( -1.096982411944179114, 1.724740828858453146, 0.1177329052107019686 ) ) ;
#1027 = ORIENTED_EDGE ( 'NONE', *, *, #172, .F. ) ;
#1028 = CARTESIAN_POINT ( 'NONE',  ( -2.009995014636308586, 1.762619227378001696, 1.026975264208458860 ) ) ;
#1029 = CARTESIAN_POINT ( 'NONE',  ( -2.249994545154529124, 2.797490500440384498, 0.004018186761011149043 ) ) ;
#1030 = CARTESIAN_POINT ( 'NONE',  ( -2.240661370840748567, 2.656898022005178106, 0.1170968992475992648 ) ) ;
#1031 = CARTESIAN_POINT ( 'NONE',  ( -2.073144769097355233, 2.287620724352748436, 0.4718074948721412420 ) ) ;
#1032 = EDGE_LOOP ( 'NONE', ( #2286, #388, #1440, #1645 ) ) ;
#1033 = AXIS2_PLACEMENT_3D ( 'NONE', #1524, #1491, #2361 ) ;
#1034 = DIRECTION ( 'NONE',  ( -1.000000000000000000, 0.000000000000000000, 0.000000000000000000 ) ) ;
#1035 = CARTESIAN_POINT ( 'NONE',  ( -1.553199035502372816, 1.988445295107941657, -0.6761792948958197380 ) ) ;
#1036 = AXIS2_PLACEMENT_3D ( 'NONE', #581, #615, #2258 ) ;
#1037 = CARTESIAN_POINT ( 'NONE',  ( -2.500000000000000444, -6.999999999999999112, 0.000000000000000000 ) ) ;
#1038 = AXIS2_PLACEMENT_3D ( 'NONE', #599, #1437, #2736 ) ;
#1039 = CARTESIAN_POINT ( 'NONE',  ( 1.750000000000000888, 0.9237604307033957518, 3.061616997868387332E-17 ) ) ;
#1040 = CARTESIAN_POINT ( 'NONE',  ( 2.544054856413733745, 2.677119374428461374, 0.09999999999999931166 ) ) ;
#1041 = CARTESIAN_POINT ( 'NONE',  ( -1.519760268872788922, 2.030686556689260236, -0.7623513502533054709 ) ) ;
#1042 = CARTESIAN_POINT ( 'NONE',  ( -1.974901852771538513, 2.289162928472502134, 0.6286604342648951516 ) ) ;
#1043 = ORIENTED_EDGE ( 'NONE', *, *, #118, .T. ) ;
#1044 = CARTESIAN_POINT ( 'NONE',  ( 2.200000000000001510, 0.000000000000000000, 0.000000000000000000 ) ) ;
#1045 = LINE ( 'NONE', #2133, #2538 ) ;
#1046 = CARTESIAN_POINT ( 'NONE',  ( 0.000000000000000000, -1.031250000000000000, -1.500000000000000000 ) ) ;
#1047 = DIRECTION ( 'NONE',  ( -0.8660254037844422603, 0.4999999999999941158, 0.000000000000000000 ) ) ;
#1048 = CIRCLE ( 'NONE', #209, 0.2500000000000003886 ) ;
#1049 = ORIENTED_EDGE ( 'NONE', *, *, #2704, .F. ) ;
#1050 = CARTESIAN_POINT ( 'NONE',  ( -2.108804513907164502, 2.698840561687890105, 0.6342078677548269594 ) ) ;
#1051 = CARTESIAN_POINT ( 'NONE',  ( -1.361693053859143632, 1.964516491244281182, -0.7195351545849866248 ) ) ;
#1052 = EDGE_CURVE ( 'NONE', #328, #1968, #1179, .T. ) ;
#1053 = ORIENTED_EDGE ( 'NONE', *, *, #397, .T. ) ;
#1054 = CYLINDRICAL_SURFACE ( 'NONE', #1164, 0.2500000000000003886 ) ;
#1055 = CARTESIAN_POINT ( 'NONE',  ( 2.249999999999999556, 2.801304834897995644, 5.421010862425056980E-17 ) ) ;
#1056 = VECTOR ( 'NONE', #1972, 1000.000000000000000 ) ;
#1057 = CARTESIAN_POINT ( 'NONE',  ( 1.800000000000000488, 0.9237604307033959739, 3.061616997868387948E-17 ) ) ;
#1058 = CARTESIAN_POINT ( 'NONE',  ( -0.8499999999999996447, 3.317712699598606374, -1.500000000000000000 ) ) ;
#1059 = VERTEX_POINT ( 'NONE', #758 ) ;
#1060 = CARTESIAN_POINT ( 'NONE',  ( -0.9257705226149715028, 1.855170880945327339, 0.1000000000000000472 ) ) ;
#1061 = FACE_OUTER_BOUND ( 'NONE', #2370, .T. ) ;
#1062 = CARTESIAN_POINT ( 'NONE',  ( 1.287445645391999127, 1.741770241211318293, -0.4661598350444443595 ) ) ;
#1063 = EDGE_CURVE ( 'NONE', #2480, #58, #199, .T. ) ;
#1064 = VERTEX_POINT ( 'NONE', #1384 ) ;
#1065 = CARTESIAN_POINT ( 'NONE',  ( -2.249999999999999556, 2.799397482209274202, -0.002008913551446614258 ) ) ;
#1066 = CARTESIAN_POINT ( 'NONE',  ( -1.180173831851110577, 1.772234812493773681, 0.1630739033063970389 ) ) ;
#1067 = CARTESIAN_POINT ( 'NONE',  ( -2.208123212001919189, 2.509317301873550843, -0.2363739078095167256 ) ) ;
#1068 = CARTESIAN_POINT ( 'NONE',  ( 1.086337829058115156, 1.732279609409734800, 0.08580044645100644296 ) ) ;
#1069 = CIRCLE ( 'NONE', #1019, 0.2500000000000003886 ) ;
#1070 = CARTESIAN_POINT ( 'NONE',  ( 0.000000000000000000, -1.031250000000000000, 1.500000000000000000 ) ) ;
#1071 = FACE_OUTER_BOUND ( 'NONE', #1009, .T. ) ;
#1072 = DIRECTION ( 'NONE',  ( 0.000000000000000000, 0.000000000000000000, 1.000000000000000000 ) ) ;
#1073 = PLANE ( 'NONE',  #1033 ) ;
#1074 = ORIENTED_EDGE ( 'NONE', *, *, #831, .T. ) ;
#1075 = CARTESIAN_POINT ( 'NONE',  ( 2.200000000000001510, 0.000000000000000000, 0.000000000000000000 ) ) ;
#1076 = CARTESIAN_POINT ( 'NONE',  ( -2.205430066749863194, 2.533856800198612813, 0.2546606482127111715 ) ) ;
#1077 = EDGE_CURVE ( 'NONE', #339, #2628, #1810, .T. ) ;
#1078 = CARTESIAN_POINT ( 'NONE',  ( 1.239095116889053605, 1.722597165938657637, -0.4085228619535661854 ) ) ;
#1079 = CARTESIAN_POINT ( 'NONE',  ( -1.081117966712989764, 1.953057831234179753, 0.6342078677548261822 ) ) ;
#1080 = CARTESIAN_POINT ( 'NONE',  ( -1.596476484648344130, 1.905051293798410317, -0.6393661296027792762 ) ) ;
#1081 = CARTESIAN_POINT ( 'NONE',  ( -1.249999999999999334, 2.801304834897995644, 0.1000000000000000472 ) ) ;
#1082 = AXIS2_PLACEMENT_3D ( 'NONE', #1865, #1279, #1072 ) ;
#1083 = B_SPLINE_CURVE_WITH_KNOTS ( 'NONE', 3,
 ( #1407, #2228, #1638, #1185, #2505, #2025, #132, #2242, #2665, #354 ),
 .UNSPECIFIED., .F., .F.,
 ( 4, 2, 2, 2, 4 ),
 ( -7.656060175036429524E-06, 0.0005437690472278457025, 0.001095194154630727782, 0.001646619262033610078, 0.002198044369436491507 ),
 .UNSPECIFIED. ) ;
#1084 = AXIS2_PLACEMENT_3D ( 'NONE', #363, #989, #1604 ) ;
#1085 = B_SPLINE_CURVE_WITH_KNOTS ( 'NONE', 3,
 ( #2167, #1660, #1118, #1958, #2155, #2349, #253 ),
 .UNSPECIFIED., .F., .F.,
 ( 4, 3, 4 ),
 ( -7.980100826936648478E-06, 0.000000000000000000, 0.0001297206800030903742 ),
 .UNSPECIFIED. ) ;
#1086 = CARTESIAN_POINT ( 'NONE',  ( 1.207555987823729415, 3.192261252009120032, -1.465366771481777963 ) ) ;
#1087 = LINE ( 'NONE', #1292, #2174 ) ;
#1088 = DIRECTION ( 'NONE',  ( 0.000000000000000000, 1.000000000000000000, 0.000000000000000000 ) ) ;
#1089 = B_SPLINE_CURVE_WITH_KNOTS ( 'NONE', 3,
 ( #788, #1617, #2465, #575, #2684, #2482, #590, #381, #1221, #2063, #532, #1589, #1578, #1856 ),
 .UNSPECIFIED., .F., .F.,
 ( 4, 2, 2, 2, 2, 2, 4 ),
 ( 0.000000000000000000, 0.0002561151731235854646, 0.0005122303462471709291, 0.001024460692494341641, 0.001536691038741512354, 0.001792806211865098035, 0.002048921384988683717 ),
 .UNSPECIFIED. ) ;
#1090 = CARTESIAN_POINT ( 'NONE',  ( -1.715086915925553956, 1.957402797699356656, -0.6909563116423923512 ) ) ;
#1091 = CARTESIAN_POINT ( 'NONE',  ( -2.216851124736512801, 2.562783980330219258, -0.2196122429430472922 ) ) ;
#1092 = DIRECTION ( 'NONE',  ( 0.000000000000000000, 0.000000000000000000, 1.000000000000000000 ) ) ;
#1093 = ORIENTED_EDGE ( 'NONE', *, *, #2531, .T. ) ;
#1094 = DIRECTION ( 'NONE',  ( 0.000000000000000000, 1.000000000000000000, 0.000000000000000000 ) ) ;
#1095 = CARTESIAN_POINT ( 'NONE',  ( 0.8965656432686429644, 2.952298685073326379, 1.467054385575165210 ) ) ;
#1096 = ORIENTED_EDGE ( 'NONE', *, *, #150, .F. ) ;
#1097 = CARTESIAN_POINT ( 'NONE',  ( 2.249999999999999112, 2.142570782904941851, 0.000000000000000000 ) ) ;
#1098 = AXIS2_PLACEMENT_3D ( 'NONE', #957, #755, #298 ) ;
#1099 = CARTESIAN_POINT ( 'NONE',  ( 1.275430160252149392, 1.932987424278830080, -0.6762412134525509488 ) ) ;
#1100 = CARTESIAN_POINT ( 'NONE',  ( 2.249994636232157674, 2.796875746072350566, -0.002947260729060317049 ) ) ;
#1101 = CARTESIAN_POINT ( 'NONE',  ( 1.096982411943217661, 1.724740828860148678, 0.1177329052112457280 ) ) ;
#1102 = CARTESIAN_POINT ( 'NONE',  ( -2.248304639831316898, 2.735765498689497921, -0.06882185034467554197 ) ) ;
#1103 = ORIENTED_EDGE ( 'NONE', *, *, #675, .T. ) ;
#1104 = EDGE_CURVE ( 'NONE', #1341, #660, #593, .T. ) ;
#1105 = VERTEX_POINT ( 'NONE', #1193 ) ;
#1106 = CIRCLE ( 'NONE', #2691, 0.2500000000000003886 ) ;
#1107 = EDGE_CURVE ( 'NONE', #1968, #2453, #2399, .T. ) ;
#1108 = CARTESIAN_POINT ( 'NONE',  ( -2.141969906255243750, 1.576207665131030833, 0.7594607164884527029 ) ) ;
#1109 = CARTESIAN_POINT ( 'NONE',  ( -1.694116637788287250, 3.014547468712773792, -1.231572518827232399 ) ) ;
#1110 = CARTESIAN_POINT ( 'NONE',  ( 1.295983361691202207, 1.807610384529080516, 0.4881065764488988212 ) ) ;
#1111 = DIRECTION ( 'NONE',  ( -9.637352644315594010E-17, 1.000000000000000000, 0.000000000000000000 ) ) ;
#1112 = CARTESIAN_POINT ( 'NONE',  ( -2.544054856413734633, 2.677119374428472032, 0.09999999999999388545 ) ) ;
#1113 = CARTESIAN_POINT ( 'NONE',  ( 1.081241156978710150, 1.736973581301872294, 0.07001649453755154351 ) ) ;
#1114 = CARTESIAN_POINT ( 'NONE',  ( -0.9297228472091961793, 1.853903239892252142, 0.1189148168918363474 ) ) ;
#1115 = EDGE_CURVE ( 'NONE', #553, #558, #371, .T. ) ;
#1116 = B_SPLINE_CURVE_WITH_KNOTS ( 'NONE', 3,
 ( #860, #662, #164, #2709 ),
 .UNSPECIFIED., .F., .F.,
 ( 4, 4 ),
 ( 0.000000000000000000, 0.7918948620765012825 ),
 .UNSPECIFIED. ) ;
#1117 = AXIS2_PLACEMENT_3D ( 'NONE', #218, #2092, #1885 ) ;
#1118 = CARTESIAN_POINT ( 'NONE',  ( -2.249994636232157674, 2.796875746072251978, -0.002947260728910273443 ) ) ;
#1119 = CARTESIAN_POINT ( 'NONE',  ( 0.8917098794748551382, 2.995282733858105395, 1.474643551599984947 ) ) ;
#1120 = CARTESIAN_POINT ( 'NONE',  ( 1.750000000000000888, 0.9237604307033958628, -0.06544984642750291404 ) ) ;
#1121 = AXIS2_PLACEMENT_3D ( 'NONE', #544, #2016, #332 ) ;
#1122 = CARTESIAN_POINT ( 'NONE',  ( -0.9257705226149722799, 1.855170880945326894, -0.1000000000000000472 ) ) ;
#1123 = DIRECTION ( 'NONE',  ( -0.000000000000000000, -1.000000000000000000, -0.000000000000000000 ) ) ;
#1124 = CARTESIAN_POINT ( 'NONE',  ( 2.249999999999999556, 2.801304834897970775, 1.073729022927893812E-13 ) ) ;
#1125 = CARTESIAN_POINT ( 'NONE',  ( 2.250000000000218492, 2.801304869776240825, -0.1615644133251254999 ) ) ;
#1126 = CARTESIAN_POINT ( 'NONE',  ( -0.8341478729541086379, 1.569504484480634510, 0.09999999999999989453 ) ) ;
#1127 = EDGE_LOOP ( 'NONE', ( #606, #1723, #1616, #1309 ) ) ;
#1128 = EDGE_CURVE ( 'NONE', #1968, #379, #2264, .T. ) ;
#1129 = EDGE_CURVE ( 'NONE', #2180, #58, #1798, .T. ) ;
#1130 = CARTESIAN_POINT ( 'NONE',  ( -0.8731522452834244996, 3.154414061634377653, -1.499999999999999778 ) ) ;
#1131 = ORIENTED_EDGE ( 'NONE', *, *, #1615, .T. ) ;
#1132 = CARTESIAN_POINT ( 'NONE',  ( 1.180173831851110577, 1.772234812493773681, 0.1630739033063970389 ) ) ;
#1133 = VERTEX_POINT ( 'NONE', #1633 ) ;
#1134 = CARTESIAN_POINT ( 'NONE',  ( 1.594961240310075912, 2.325949196461033264, -0.8977790601984488861 ) ) ;
#1135 = DIRECTION ( 'NONE',  ( -0.000000000000000000, -0.000000000000000000, -1.000000000000000000 ) ) ;
#1136 = CARTESIAN_POINT ( 'NONE',  ( 2.349999999999999645, 0.2598076211353319009, 0.000000000000000000 ) ) ;
#1137 = CYLINDRICAL_SURFACE ( 'NONE', #2162, 0.2500000000000004996 ) ;
#1138 = CARTESIAN_POINT ( 'NONE',  ( -1.249999999999999334, 2.801304834897994755, -0.1000000000000000472 ) ) ;
#1139 = EDGE_LOOP ( 'NONE', ( #2047, #1093 ) ) ;
#1140 = ORIENTED_EDGE ( 'NONE', *, *, #417, .F. ) ;
#1141 = CARTESIAN_POINT ( 'NONE',  ( 2.474999999999997424, 0.4763139720814432154, 3.061616997868387948E-17 ) ) ;
#1142 = CARTESIAN_POINT ( 'NONE',  ( 1.451552630093513541, 3.104071437307927450, 1.373697690273010474 ) ) ;
#1143 = VERTEX_POINT ( 'NONE', #2432 ) ;
#1144 = CARTESIAN_POINT ( 'NONE',  ( -2.244505259965254407, 2.696174664557618783, 0.08788221935067611068 ) ) ;
#1145 = ORIENTED_EDGE ( 'NONE', *, *, #2437, .T. ) ;
#1146 = TOROIDAL_SURFACE ( 'NONE', #2293, 0.2999999999999990452, 0.2500000000000003886 ) ;
#1147 = DIRECTION ( 'NONE',  ( 0.4999999999999960032, -0.8660254037844408170, 0.000000000000000000 ) ) ;
#1148 = CARTESIAN_POINT ( 'NONE',  ( 2.205430066748037099, 2.533856800194246084, 0.2546606482178551678 ) ) ;
#1149 = DIRECTION ( 'NONE',  ( -0.000000000000000000, -1.000000000000000000, -0.000000000000000000 ) ) ;
#1150 = EDGE_CURVE ( 'NONE', #379, #1766, #1840, .T. ) ;
#1151 = CARTESIAN_POINT ( 'NONE',  ( -1.663807385322351395, 1.367744102041722032, 0.4841335630863352057 ) ) ;
#1152 = CARTESIAN_POINT ( 'NONE',  ( 1.795461907857530903, 2.976346084275545145, -1.136047984956479295 ) ) ;
#1153 = CARTESIAN_POINT ( 'NONE',  ( -2.209485192445755697, 2.559072538456963919, 0.2718408684422425337 ) ) ;
#1154 = FACE_OUTER_BOUND ( 'NONE', #2145, .T. ) ;
#1155 = ORIENTED_EDGE ( 'NONE', *, *, #1115, .F. ) ;
#1156 = CARTESIAN_POINT ( 'NONE',  ( 1.750000000000000888, 0.9237604307033958628, 2.710505431213761085E-17 ) ) ;
#1157 = AXIS2_PLACEMENT_3D ( 'NONE', #744, #2417, #970 ) ;
#1158 = ORIENTED_EDGE ( 'NONE', *, *, #2059, .T. ) ;
#1159 = PRODUCT ( 'FG24X7R1A106KRT00', 'FG24X7R1A106KRT00', '', ( #365 ) ) ;
#1160 = CARTESIAN_POINT ( 'NONE',  ( 1.029618876447482734, 1.821475396218993126, 0.09994631714558584179 ) ) ;
#1161 = AXIS2_PLACEMENT_3D ( 'NONE', #1552, #2737, #1291 ) ;
#1162 = CARTESIAN_POINT ( 'NONE',  ( -0.9386300471259855227, 2.325852777519190617, 1.136047985878966049 ) ) ;
#1163 = CARTESIAN_POINT ( 'NONE',  ( -2.250000000000000000, 5.500000000000000888, 0.1000000000000000472 ) ) ;
#1164 = AXIS2_PLACEMENT_3D ( 'NONE', #1037, #1671, #1608 ) ;
#1165 = CARTESIAN_POINT ( 'NONE',  ( -1.594961240310075912, 2.325949196461033264, -0.8977790601984488861 ) ) ;
#1166 = DIRECTION ( 'NONE',  ( -0.07473610405281776170, -0.7787756959500562459, -0.6228345929285816762 ) ) ;
#1167 = ORIENTED_EDGE ( 'NONE', *, *, #2647, .F. ) ;
#1168 = EDGE_CURVE ( 'NONE', #2453, #2398, #2672, .T. ) ;
#1169 =( BOUNDED_SURFACE ( )  B_SPLINE_SURFACE ( 3, 2, ( 
 ( #1857, #638, #2511 ),
 ( #2540, #2728, #1679 ),
 ( #1267, #169, #2499 ),
 ( #1479, #220, #623 ) ),
 .UNSPECIFIED., .F., .F., .T. ) 
 B_SPLINE_SURFACE_WITH_KNOTS ( ( 4, 4 ),
 ( 3, 3 ),
 ( -3.124128560016981027E-15, 0.0001595594504925999650 ),
 ( 0.000000000000000000, 1.000000000000000000 ),
 .UNSPECIFIED. ) 
 GEOMETRIC_REPRESENTATION_ITEM ( )  RATIONAL_B_SPLINE_SURFACE ( (
 ( 1.000000000000000000, 0.9986698507589862883, 1.000000000000000000),
 ( 1.000000000000000000, 0.9995571187195855245, 1.000000000000000000),
 ( 1.000000000000000000, 0.9999997706865988434, 1.000000000000000000),
 ( 1.000000000000000000, 1.000000000000000000, 1.000000000000000000) ) ) 
 REPRESENTATION_ITEM ( '' )  SURFACE ( )  );
#1170 = CARTESIAN_POINT ( 'NONE',  ( 2.245176429993605449, 2.686470453411701431, -0.07582886964833691901 ) ) ;
#1171 = CARTESIAN_POINT ( 'NONE',  ( 2.500000000000000444, -1.734723475976807094E-15, 0.000000000000000000 ) ) ;
#1172 = CARTESIAN_POINT ( 'NONE',  ( 2.108804513907164502, 2.698840561687890105, 0.6342078677548269594 ) ) ;
#1173 = EDGE_CURVE ( 'NONE', #81, #783, #1089, .T. ) ;
#1174 = ORIENTED_EDGE ( 'NONE', *, *, #1176, .T. ) ;
#1175 = CARTESIAN_POINT ( 'NONE',  ( 1.024106144413203356, 1.823631398749382848, 0.08318468573960058343 ) ) ;
#1176 = EDGE_CURVE ( 'NONE', #2120, #2375, #2419, .T. ) ;
#1177 = EDGE_CURVE ( 'NONE', #1059, #293, #51, .T. ) ;
#1178 = CARTESIAN_POINT ( 'NONE',  ( 1.415460911700664237, 1.923482730704425769, 0.6285276547491747134 ) ) ;
#1179 = LINE ( 'NONE', #124, #1257 ) ;
#1180 = CARTESIAN_POINT ( 'NONE',  ( -1.250000000000000222, 0.9237604307033958628, 0.06544984642750290016 ) ) ;
#1181 = CARTESIAN_POINT ( 'NONE',  ( 2.218504077828469256, 2.813689591016768521, -0.4009142885380306831 ) ) ;
#1182 = ORIENTED_EDGE ( 'NONE', *, *, #972, .T. ) ;
#1183 = CARTESIAN_POINT ( 'NONE',  ( -2.249999999999999112, 2.142570782904941851, 0.000000000000000000 ) ) ;
#1184 = CARTESIAN_POINT ( 'NONE',  ( 2.250000000000000000, 5.500000000000000888, 0.1000000000000000472 ) ) ;
#1185 = CARTESIAN_POINT ( 'NONE',  ( 0.9256378197166170718, 2.612459299531089574, -1.340317653045188573 ) ) ;
#1186 = ADVANCED_FACE ( 'NONE', ( #873 ), #1251, .T. ) ;
#1187 = ORIENTED_EDGE ( 'NONE', *, *, #1677, .T. ) ;
#1188 = CARTESIAN_POINT ( 'NONE',  ( -2.474999999999998757, 0.4763139720814425493, -3.061616997868387948E-17 ) ) ;
#1189 = CARTESIAN_POINT ( 'NONE',  ( 0.9200343683188866306, 1.857010655108132680, 0.06666584465472014109 ) ) ;
#1190 = AXIS2_PLACEMENT_3D ( 'NONE', #2436, #1622, #776 ) ;
#1191 = EDGE_LOOP ( 'NONE', ( #2254, #2563, #2404, #44 ) ) ;
#1192 = CARTESIAN_POINT ( 'NONE',  ( 1.085151008751735979, 1.874164303618587990, 0.5034264911572244872 ) ) ;
#1193 = CARTESIAN_POINT ( 'NONE',  ( 1.250000000000000222, 0.9237604307033958628, -4.743384504624081899E-17 ) ) ;
#1194 = CARTESIAN_POINT ( 'NONE',  ( -2.077614770644702347, 1.495248937421257418, 0.000000000000000000 ) ) ;
#1195 = CARTESIAN_POINT ( 'NONE',  ( -1.015943474435300864, 1.826464154390458949, 0.05573045993283054500 ) ) ;
#1196 = VERTEX_POINT ( 'NONE', #16 ) ;
#1197 = CARTESIAN_POINT ( 'NONE',  ( 2.240665581500321579, 2.656941041304861084, -0.1170648963080285765 ) ) ;
#1198 = ADVANCED_FACE ( 'NONE', ( #1246 ), #1706, .F. ) ;
#1199 = DIRECTION ( 'NONE',  ( -0.2167599179980396473, -0.02927112694687427144, 0.9757860109044108610 ) ) ;
#1200 = CARTESIAN_POINT ( 'NONE',  ( 2.130484146357216613, 2.848082569955146415, 0.6686788559670328036 ) ) ;
#1201 = VERTEX_POINT ( 'NONE', #2298 ) ;
#1202 = DIRECTION ( 'NONE',  ( 0.000000000000000000, 0.000000000000000000, 1.000000000000000000 ) ) ;
#1203 = VERTEX_POINT ( 'NONE', #665 ) ;
#1204 = CARTESIAN_POINT ( 'NONE',  ( 1.035278521609964031, 1.819543492064520596, -0.1164891245847249485 ) ) ;
#1205 = CARTESIAN_POINT ( 'NONE',  ( 2.108804513907165834, 2.698840561687891437, -0.6342078677548249610 ) ) ;
#1206 = AXIS2_PLACEMENT_3D ( 'NONE', #2131, #2119, #26 ) ;
#1207 = CARTESIAN_POINT ( 'NONE',  ( -0.8731522453035660547, 3.154414061637292654, 1.499999999999999778 ) ) ;
#1208 = DIRECTION ( 'NONE',  ( 0.000000000000000000, 0.000000000000000000, 1.000000000000000000 ) ) ;
#1209 = CARTESIAN_POINT ( 'NONE',  ( -1.750000000000000888, 0.9237604307033958628, 2.710505431213761085E-17 ) ) ;
#1210 = DIRECTION ( 'NONE',  ( -0.8660254037844412611, 0.4999999999999957256, 0.000000000000000000 ) ) ;
#1211 = ORIENTED_EDGE ( 'NONE', *, *, #769, .T. ) ;
#1212 = CIRCLE ( 'NONE', #1781, 0.2999999999999999334 ) ;
#1213 = CARTESIAN_POINT ( 'NONE',  ( 2.244505259965225985, 2.696174664556937994, -0.08788221935074205793 ) ) ;
#1214 = CARTESIAN_POINT ( 'NONE',  ( -0.9423401297368511065, 1.975302511469829048, -0.6686788553810064650 ) ) ;
#1215 = CARTESIAN_POINT ( 'NONE',  ( 1.074055701474453173, 1.743591296870720120, 0.04776376130526292091 ) ) ;
#1216 = ORIENTED_EDGE ( 'NONE', *, *, #636, .T. ) ;
#1217 = CARTESIAN_POINT ( 'NONE',  ( 1.091515005247649661, 1.728259573402228577, -0.1017683044552948474 ) ) ;
#1218 = DIRECTION ( 'NONE',  ( -9.637352644315594010E-17, -1.000000000000000000, 0.000000000000000000 ) ) ;
#1219 = CARTESIAN_POINT ( 'NONE',  ( 2.249999999999999556, 2.801304834897995644, 5.421010862427522170E-17 ) ) ;
#1220 = CARTESIAN_POINT ( 'NONE',  ( -1.596045986162044628, 3.050966421978430709, 1.296908506068642497 ) ) ;
#1221 = CARTESIAN_POINT ( 'NONE',  ( 2.034072060556206818, 2.235240180830103007, -0.5251211479559539930 ) ) ;
#1222 = CARTESIAN_POINT ( 'NONE',  ( -1.015943474448920858, 1.826464154379457527, -0.05573045992767605011 ) ) ;
#1223 = CARTESIAN_POINT ( 'NONE',  ( 1.539715389514145105, 3.071875372668865900, 1.331408294168689777 ) ) ;
#1224 = AXIS2_PLACEMENT_3D ( 'NONE', #941, #2591, #1541 ) ;
#1225 = CARTESIAN_POINT ( 'NONE',  ( -2.171212956649976711, 2.832208004397100076, -0.5662956288411554739 ) ) ;
#1226 = CARTESIAN_POINT ( 'NONE',  ( 0.9399224558533406659, 1.850593566101626175, 0.1615644132339193184 ) ) ;
#1227 = ORIENTED_EDGE ( 'NONE', *, *, #2022, .T. ) ;
#1228 = CARTESIAN_POINT ( 'NONE',  ( -2.200000000000001510, 0.000000000000000000, 0.000000000000000000 ) ) ;
#1229 = CARTESIAN_POINT ( 'NONE',  ( -0.9898013127300347991, 1.853061875828261762, -0.3350785098568274112 ) ) ;
#1230 = CARTESIAN_POINT ( 'NONE',  ( -1.415460911702844715, 1.923482730705434074, 0.6285276547503355626 ) ) ;
#1231 = VERTEX_POINT ( 'NONE', #1266 ) ;
#1232 = DIRECTION ( 'NONE',  ( -1.000000000000000000, 0.000000000000000000, 0.000000000000000000 ) ) ;
#1233 = DIRECTION ( 'NONE',  ( 0.000000000000000000, 0.000000000000000000, 1.000000000000000000 ) ) ;
#1234 = CARTESIAN_POINT ( 'NONE',  ( -1.207555987823729415, 3.192261252009120032, 1.465366771481778407 ) ) ;
#1235 = CARTESIAN_POINT ( 'NONE',  ( -2.226095776604268384, 2.557733918124165839, 0.1847548117526139067 ) ) ;
#1236 = CARTESIAN_POINT ( 'NONE',  ( -2.245176429993596123, 2.686470453411610837, -0.07582886964840035438 ) ) ;
#1237 = CARTESIAN_POINT ( 'NONE',  ( 2.028497131696418876, 2.297122987385159743, -0.5356487352383482170 ) ) ;
#1238 = DIRECTION ( 'NONE',  ( -0.000000000000000000, -1.000000000000000000, -0.000000000000000000 ) ) ;
#1239 = CARTESIAN_POINT ( 'NONE',  ( -0.9426789125901623434, 2.133038236686714662, -0.9323159585282616568 ) ) ;
#1240 = CARTESIAN_POINT ( 'NONE',  ( 2.245958496447606478, 2.802896944141085367, 0.2221925516346567042 ) ) ;
#1241 = DIRECTION ( 'NONE',  ( 0.000000000000000000, 1.000000000000000000, 0.000000000000000000 ) ) ;
#1242 =( BOUNDED_SURFACE ( )  B_SPLINE_SURFACE ( 3, 2, ( 
 ( #2409, #307, #722 ),
 ( #2421, #519, #2008 ),
 ( #1360, #126, #113 ),
 ( #2633, #1591, #2434 ),
 ( #940, #962, #1373 ),
 ( #1152, #1991, #101 ),
 ( #1788, #1388, #507 ),
 ( #320, #493, #954 ),
 ( #1800, #279, #1758 ),
 ( #748, #2644, #1580 ),
 ( #760, #534, #546 ),
 ( #1772, #2383, #2619 ),
 ( #1347, #2223, #334 ),
 ( #1181, #2018, #976 ),
 ( #1812, #70, #709 ),
 ( #1540, #1333, #2172 ),
 ( #1125, #1966, #925 ),
 ( #2186, #2606, #1553 ) ),
 .UNSPECIFIED., .F., .F., .T. ) 
 B_SPLINE_SURFACE_WITH_KNOTS ( ( 4, 2, 2, 2, 2, 2, 2, 2, 4 ),
 ( 3, 3 ),
 ( -4.037673387228410509E-06, 0.0002032339885767645406, 0.0004105056505407574672, 0.0005141414815227539304, 0.0006177773125047503937, 0.0006695952279957486254, 0.0007214131434867468570, 0.0007732310589777450886, 0.0008250489744687433203 ),
 ( 0.000000000000000000, 1.000000000000000000 ),
 .UNSPECIFIED. ) 
 GEOMETRIC_REPRESENTATION_ITEM ( )  RATIONAL_B_SPLINE_SURFACE ( (
 ( 1.000000000000000000, 1.000000000000000000, 1.000000000000000000),
 ( 1.000000000000000000, 0.9999403429167447177, 1.000000000000000000),
 ( 1.000000000000000000, 0.9890807004938201308, 1.000000000000000000),
 ( 1.000000000000000000, 0.9451360809696950360, 1.000000000000000000),
 ( 1.000000000000000000, 0.9113588162807902959, 1.000000000000000000),
 ( 1.000000000000000000, 0.8442088516153838373, 1.000000000000000000),
 ( 1.000000000000000000, 0.8191127031950862225, 1.000000000000000000),
 ( 1.000000000000000000, 0.7640165771745173195, 1.000000000000000000),
 ( 1.000000000000000000, 0.7345772213217652835, 1.000000000000000000),
 ( 1.000000000000000000, 0.6906696745510976232, 1.000000000000000000),
 ( 1.000000000000000000, 0.6760073490664600948, 1.000000000000000000),
 ( 1.000000000000000000, 0.6482360136747647994, 1.000000000000000000),
 ( 1.000000000000000000, 0.6353018092878294221, 1.000000000000000000),
 ( 1.000000000000000000, 0.6129510309441484894, 1.000000000000000000),
 ( 1.000000000000000000, 0.6035087897145710034, 1.000000000000000000),
 ( 1.000000000000000000, 0.5907534741445152893, 1.000000000000000000),
 ( 1.000000000000000000, 0.5873254474410282144, 1.000000000000000000),
 ( 1.000000000000000000, 0.5873340108576021734, 1.000000000000000000) ) ) 
 REPRESENTATION_ITEM ( '' )  SURFACE ( )  );
#1243 = CARTESIAN_POINT ( 'NONE',  ( -1.249999999999999556, 2.801304834897995644, 1.500000000000000000 ) ) ;
#1244 = CARTESIAN_POINT ( 'NONE',  ( 1.250000000000000222, 1.240239266662187756, -0.1142618748669499834 ) ) ;
#1245 = CARTESIAN_POINT ( 'NONE',  ( -2.234854654019798659, 1.444760254492858387, 0.3860869650646274187 ) ) ;
#1246 = FACE_OUTER_BOUND ( 'NONE', #2490, .T. ) ;
#1247 = B_SPLINE_CURVE_WITH_KNOTS ( 'NONE', 3,
 ( #2247, #1784, #958, #2447, #1381, #2013, #2029 ),
 .UNSPECIFIED., .F., .F.,
 ( 4, 3, 4 ),
 ( -8.310448329079732441E-06, 0.000000000000000000, 0.0001300642904021702948 ),
 .UNSPECIFIED. ) ;
#1248 = CARTESIAN_POINT ( 'NONE',  ( 2.249994545154529124, 2.797490500440415584, 0.004018186761040584698 ) ) ;
#1249 = ADVANCED_FACE ( 'NONE', ( #650 ), #2326, .F. ) ;
#1250 = CARTESIAN_POINT ( 'NONE',  ( -1.024106144412978869, 1.823631398749718580, -0.08318468573960355328 ) ) ;
#1251 = TOROIDAL_SURFACE ( 'NONE', #275, 0.2999999999999990452, 0.2500000000000003886 ) ;
#1252 = CARTESIAN_POINT ( 'NONE',  ( 2.242017300926796075, 2.670249282715491113, -0.1302422130207044337 ) ) ;
#1253 = CARTESIAN_POINT ( 'NONE',  ( -1.102506351566716836, 1.816473034815822007, -0.2934255686230220483 ) ) ;
#1254 = CIRCLE ( 'NONE', #1084, 0.2500000000000003886 ) ;
#1255 = EDGE_CURVE ( 'NONE', #713, #703, #2697, .T. ) ;
#1256 = CARTESIAN_POINT ( 'NONE',  ( -0.9429219852900330157, 2.075182044296422834, -0.8527041159446075991 ) ) ;
#1257 = VECTOR ( 'NONE', #746, 1000.000000000000000 ) ;
#1258 = DIRECTION ( 'NONE',  ( -0.000000000000000000, 0.000000000000000000, 1.000000000000000000 ) ) ;
#1259 = FACE_OUTER_BOUND ( 'NONE', #3, .T. ) ;
#1260 = AXIS2_PLACEMENT_3D ( 'NONE', #2590, #434, #2332 ) ;
#1261 = DIRECTION ( 'NONE',  ( -0.000000000000000000, -1.000000000000000000, -0.000000000000000000 ) ) ;
#1262 = CARTESIAN_POINT ( 'NONE',  ( 1.663807385322350285, 1.367744102041722254, -0.4841335630863357053 ) ) ;
#1263 =( BOUNDED_SURFACE ( )  B_SPLINE_SURFACE ( 3, 2, ( 
 ( #2382, #421, #881 ),
 ( #870, #2101, #1701 ),
 ( #2320, #1757, #212 ),
 ( #1055, #1978, #1124 ) ),
 .UNSPECIFIED., .F., .F., .F. ) 
 B_SPLINE_SURFACE_WITH_KNOTS ( ( 4, 4 ),
 ( 3, 3 ),
 ( 0.000000000000000000, 0.0001595594504924337026 ),
 ( 0.000000000000000000, 1.000000000000000000 ),
 .UNSPECIFIED. ) 
 GEOMETRIC_REPRESENTATION_ITEM ( )  RATIONAL_B_SPLINE_SURFACE ( (
 ( 1.000000000000000000, 0.9986698507589890639, 1.000000000000000000),
 ( 1.000000000000000000, 0.9995571187196685692, 1.000000000000000000),
 ( 1.000000000000000000, 0.9999997706865674241, 1.000000000000000000),
 ( 1.000000000000000000, 1.000000000000000000, 1.000000000000000000) ) ) 
 REPRESENTATION_ITEM ( '' )  SURFACE ( )  );
#1264 = EDGE_CURVE ( 'NONE', #2072, #1766, #1994, .T. ) ;
#1265 = EDGE_LOOP ( 'NONE', ( #725, #1342, #1793, #2192, #1941 ) ) ;
#1266 = CARTESIAN_POINT ( 'NONE',  ( 0.8499999999999997558, 4.100000000000000533, 1.500000000000000000 ) ) ;
#1267 = CARTESIAN_POINT ( 'NONE',  ( -2.249999999999999112, 2.769498556092448549, -0.03350096048544900368 ) ) ;
#1268 = CARTESIAN_POINT ( 'NONE',  ( 1.361693053857968128, 1.964516491243817331, -0.7195351545844449470 ) ) ;
#1269 = CARTESIAN_POINT ( 'NONE',  ( 1.642413077190878479, 1.934516716108444667, 0.6467657495605733109 ) ) ;
#1270 = CARTESIAN_POINT ( 'NONE',  ( 2.226095776604234189, 2.557733918123898942, 0.1847548117528722000 ) ) ;
#1271 = B_SPLINE_CURVE_WITH_KNOTS ( 'NONE', 3,
 ( #2503, #2081, #2470, #1223, #2271, #825, #2053, #579, #160, #173, #2688, #402 ),
 .UNSPECIFIED., .F., .F.,
 ( 4, 2, 2, 2, 2, 4 ),
 ( -7.655314483594114329E-06, 0.0005584294012147219708, 0.001124514116913037914, 0.001407556474762196265, 0.001690598832611354616, 0.002256683548309671317 ),
 .UNSPECIFIED. ) ;
#1272 = CARTESIAN_POINT ( 'NONE',  ( -2.077614770644702347, 1.495248937421257418, 0.000000000000000000 ) ) ;
#1273 = CARTESIAN_POINT ( 'NONE',  ( -2.040407536123332921, 2.250596649760661094, -0.5053258455839155783 ) ) ;
#1274 = CARTESIAN_POINT ( 'NONE',  ( 1.275548218037914960, 1.933027007573648648, 0.6763240298700646802 ) ) ;
#1275 = CARTESIAN_POINT ( 'NONE',  ( 2.250000000000000000, 2.801304834897995644, -0.2905644417251327383 ) ) ;
#1276 = DIRECTION ( 'NONE',  ( -1.000000000000000000, 0.000000000000000000, 0.000000000000000000 ) ) ;
#1277 = CIRCLE ( 'NONE', #1749, 0.3000000000000000444 ) ;
#1278 = EDGE_CURVE ( 'NONE', #1203, #553, #89, .T. ) ;
#1279 = DIRECTION ( 'NONE',  ( 0.000000000000000000, 1.000000000000000000, 0.000000000000000000 ) ) ;
#1280 = CARTESIAN_POINT ( 'NONE',  ( -0.9399549444228513240, 1.851779477781445582, -0.1564256359757637549 ) ) ;
#1281 = VERTEX_POINT ( 'NONE', #2510 ) ;
#1282 = CARTESIAN_POINT ( 'NONE',  ( 2.249999999999999556, 2.801304834897995644, 2.710505431213761085E-17 ) ) ;
#1283 = CARTESIAN_POINT ( 'NONE',  ( 2.249999999999999556, 2.801304834897995644, 2.710505431213761085E-17 ) ) ;
#1284 = CARTESIAN_POINT ( 'NONE',  ( 1.606203967582334302, 2.070925899998375730, -0.7666061814586778711 ) ) ;
#1285 = ORIENTED_EDGE ( 'NONE', *, *, #2444, .T. ) ;
#1286 = CARTESIAN_POINT ( 'NONE',  ( 2.245426812623737334, 2.705777557590696603, -0.1000000000000000472 ) ) ;
#1287 = CARTESIAN_POINT ( 'NONE',  ( -2.234439234324975487, 2.624523404100480573, -0.1511749912536948237 ) ) ;
#1288 = CARTESIAN_POINT ( 'NONE',  ( 0.9399549444228513240, 1.851779477781445582, 0.1564256359757639214 ) ) ;
#1289 = CIRCLE ( 'NONE', #2566, 3.031249999999999556 ) ;
#1290 = ORIENTED_EDGE ( 'NONE', *, *, #708, .T. ) ;
#1291 = DIRECTION ( 'NONE',  ( -7.744301232039317914E-17, 0.000000000000000000, -1.000000000000000000 ) ) ;
#1292 = CARTESIAN_POINT ( 'NONE',  ( 0.000000000000000000, 4.100000000000000533, 1.500000000000000000 ) ) ;
#1293 = DIRECTION ( 'NONE',  ( -0.000000000000000000, -1.000000000000000000, -0.000000000000000000 ) ) ;
#1294 = ORIENTED_EDGE ( 'NONE', *, *, #1790, .T. ) ;
#1295 = ORIENTED_EDGE ( 'NONE', *, *, #150, .T. ) ;
#1296 = CARTESIAN_POINT ( 'NONE',  ( 2.249999999999999556, 2.801304834897995644, 0.1000000000000000472 ) ) ;
#1297 = UNCERTAINTY_MEASURE_WITH_UNIT (LENGTH_MEASURE( 1.000000000000000082E-05 ), #765, 'distance_accuracy_value', 'NONE');
#1298 = EDGE_LOOP ( 'NONE', ( #1516, #162, #1349, #2626, #611, #74, #1782 ) ) ;
#1299 = CARTESIAN_POINT ( 'NONE',  ( -1.715086915925554845, 1.957402797699357100, 0.6909563116423916851 ) ) ;
#1300 = CARTESIAN_POINT ( 'NONE',  ( -2.244505259965223321, 2.696174664556950429, -0.08788221935074581881 ) ) ;
#1301 = CARTESIAN_POINT ( 'NONE',  ( 1.247369152569287376, 1.725056322134234987, 0.4203292891348283655 ) ) ;
#1302 = AXIS2_PLACEMENT_3D ( 'NONE', #2700, #1898, #2713 ) ;
#1303 = CARTESIAN_POINT ( 'NONE',  ( 1.525000000000003020, 0.4474464586219530915, 0.000000000000000000 ) ) ;
#1304 = ORIENTED_EDGE ( 'NONE', *, *, #1790, .F. ) ;
#1305 = AXIS2_PLACEMENT_3D ( 'NONE', #1907, #1258, #1332 ) ;
#1306 = PRESENTATION_LAYER_ASSIGNMENT (  '', '', ( #2623 ) ) ;
#1307 = CARTESIAN_POINT ( 'NONE',  ( -2.130484146356839137, 2.848082569955286303, 0.6686788559678785715 ) ) ;
#1308 = CARTESIAN_POINT ( 'NONE',  ( -1.157832654188134525, 1.705020297629087578, -0.2769758589757446154 ) ) ;
#1309 = ORIENTED_EDGE ( 'NONE', *, *, #2134, .F. ) ;
#1310 = CARTESIAN_POINT ( 'NONE',  ( 2.108804513907165834, 2.698840561687891437, -0.6342078677548249610 ) ) ;
#1311 = EDGE_CURVE ( 'NONE', #2375, #339, #2488, .T. ) ;
#1312 = CARTESIAN_POINT ( 'NONE',  ( -1.594961240310075912, 2.325949196461033264, -0.8977790601984488861 ) ) ;
#1313 =( LENGTH_UNIT ( ) NAMED_UNIT ( * ) SI_UNIT ( .MILLI., .METRE. ) );
#1314 = DIRECTION ( 'NONE',  ( -0.000000000000000000, -1.000000000000000000, -0.000000000000000000 ) ) ;
#1315 = CARTESIAN_POINT ( 'NONE',  ( -1.068679564664603454, 1.748765809586254605, 6.677968689947342906E-14 ) ) ;
#1316 = CARTESIAN_POINT ( 'NONE',  ( -1.028264430171488719, 3.255843707351902427, -1.499999999999999778 ) ) ;
#1317 = EDGE_LOOP ( 'NONE', ( #1053, #236, #1974, #2052 ) ) ;
#1318 = CARTESIAN_POINT ( 'NONE',  ( 0.9399224806201544880, 1.850593558024074214, 0.2118859317458442471 ) ) ;
#1319 = DIRECTION ( 'NONE',  ( -1.000000000000000000, 0.000000000000000000, 0.000000000000000000 ) ) ;
#1320 = FILL_AREA_STYLE ('',( #54 ) ) ;
#1321 = CARTESIAN_POINT ( 'NONE',  ( 1.604306758543873501, 2.069983663822780873, 0.7667731002273069363 ) ) ;
#1322 = DIRECTION ( 'NONE',  ( 0.000000000000000000, 0.000000000000000000, -1.000000000000000000 ) ) ;
#1323 = VERTEX_POINT ( 'NONE', #1296 ) ;
#1324 = ORIENTED_EDGE ( 'NONE', *, *, #2176, .F. ) ;
#1325 = AXIS2_PLACEMENT_3D ( 'NONE', #1003, #2035, #414 ) ;
#1326 = CARTESIAN_POINT ( 'NONE',  ( -0.9425748616873420582, 1.999037805618403940, 0.7169891041635696460 ) ) ;
#1327 = PRESENTATION_STYLE_ASSIGNMENT (( #1984 ) ) ;
#1328 = EDGE_LOOP ( 'NONE', ( #1295, #715, #756, #2515 ) ) ;
#1329 = CARTESIAN_POINT ( 'NONE',  ( 2.249999999999999556, 2.801304834897995644, 0.2118859317458441083 ) ) ;
#1330 = CYLINDRICAL_SURFACE ( 'NONE', #856, 1.000000000000000000 ) ;
#1331 = EDGE_CURVE ( 'NONE', #822, #2480, #1045, .T. ) ;
#1332 = DIRECTION ( 'NONE',  ( 1.000000000000000000, 0.000000000000000000, 0.000000000000000000 ) ) ;
#1333 = CARTESIAN_POINT ( 'NONE',  ( 2.234854654020197895, 1.444760254492290841, -0.3860869650618105053 ) ) ;
#1334 = DIRECTION ( 'NONE',  ( 1.000000000000000000, 0.000000000000000000, 0.000000000000000000 ) ) ;
#1335 = ORIENTED_EDGE ( 'NONE', *, *, #410, .F. ) ;
#1336 = CIRCLE ( 'NONE', #145, 1.399999999999999911 ) ;
#1337 = CARTESIAN_POINT ( 'NONE',  ( -0.8499999999999999778, 3.317712699598606374, -1.499999999999999778 ) ) ;
#1338 = DIRECTION ( 'NONE',  ( -1.000000000000000000, 0.000000000000000000, 0.000000000000000000 ) ) ;
#1339 = EDGE_LOOP ( 'NONE', ( #801, #750, #1932, #310 ) ) ;
#1340 = FACE_OUTER_BOUND ( 'NONE', #1265, .T. ) ;
#1341 = VERTEX_POINT ( 'NONE', #247 ) ;
#1342 = ORIENTED_EDGE ( 'NONE', *, *, #417, .T. ) ;
#1343 = DIRECTION ( 'NONE',  ( 0.000000000000000000, 1.000000000000000000, 0.000000000000000000 ) ) ;
#1344 = CARTESIAN_POINT ( 'NONE',  ( 2.208078142254940701, 2.509194860931628135, 0.2365049691794962605 ) ) ;
#1345 =( NAMED_UNIT ( * ) PLANE_ANGLE_UNIT ( ) SI_UNIT ( $, .RADIAN. ) );
#1346 = DIRECTION ( 'NONE',  ( -0.8660254037844412611, 0.4999999999999957256, 0.000000000000000000 ) ) ;
#1347 = CARTESIAN_POINT ( 'NONE',  ( 2.188981159985407654, 2.825258254795486312, -0.5128949906254997027 ) ) ;
#1348 = CARTESIAN_POINT ( 'NONE',  ( -1.081241156978709483, 1.736973581301872738, 0.07001649453755065533 ) ) ;
#1349 = ORIENTED_EDGE ( 'NONE', *, *, #146, .T. ) ;
#1350 = CARTESIAN_POINT ( 'NONE',  ( -2.132294642770810711, 2.434787351099330088, 0.4491818739594963250 ) ) ;
#1351 = CARTESIAN_POINT ( 'NONE',  ( 1.157451585050232934, 3.210027903867843424, 1.474643552281581282 ) ) ;
#1352 = ORIENTED_EDGE ( 'NONE', *, *, #1895, .F. ) ;
#1353 = CARTESIAN_POINT ( 'NONE',  ( 0.9399224806201544880, 1.850593558024074214, 0.2118859317458442471 ) ) ;
#1354 = EDGE_LOOP ( 'NONE', ( #1828, #1695, #2415 ) ) ;
#1355 = ADVANCED_FACE ( 'NONE', ( #1647 ), #1867, .T. ) ;
#1356 = CARTESIAN_POINT ( 'NONE',  ( 1.663807385322350285, 1.367744102041722254, -0.4841335630863357053 ) ) ;
#1357 = AXIS2_PLACEMENT_3D ( 'NONE', #2073, #2707, #813 ) ;
#1358 = CARTESIAN_POINT ( 'NONE',  ( 2.245426812625846757, 2.705777557612678130, 0.09999999999992709165 ) ) ;
#1359 = CARTESIAN_POINT ( 'NONE',  ( -1.987436202841508237, 1.468830940709419108, 0.3420052851429721263 ) ) ;
#1360 = CARTESIAN_POINT ( 'NONE',  ( 1.157451585050209841, 3.210027903867858523, -1.474643552281589276 ) ) ;
#1361 = CARTESIAN_POINT ( 'NONE',  ( 0.8499999999999996447, 5.500000000000000888, 0.1000000000000000472 ) ) ;
#1362 = APPLICATION_CONTEXT ( 'automotive_design' ) ;
#1363 = CARTESIAN_POINT ( 'NONE',  ( 0.9399549444228513240, 1.851779477781445582, 0.1564256359757639214 ) ) ;
#1364 = CARTESIAN_POINT ( 'NONE',  ( -2.500000000000000444, -6.999999999999999112, 0.2500000000000003886 ) ) ;
#1365 = CARTESIAN_POINT ( 'NONE',  ( 1.663807385322351395, 1.367744102041722032, 0.4841335630863352057 ) ) ;
#1366 = AXIS2_PLACEMENT_3D ( 'NONE', #706, #98, #1538 ) ;
#1367 = ORIENTED_EDGE ( 'NONE', *, *, #1742, .F. ) ;
#1368 = FACE_OUTER_BOUND ( 'NONE', #2338, .T. ) ;
#1369 = EDGE_CURVE ( 'NONE', #2175, #1281, #2365, .T. ) ;
#1370 = CARTESIAN_POINT ( 'NONE',  ( 2.241994113332041128, 2.670007660113354220, 0.1304484205280958820 ) ) ;
#1371 = CARTESIAN_POINT ( 'NONE',  ( -0.9431830759705726042, 2.065819699185706071, -0.8536653735139467791 ) ) ;
#1372 = CARTESIAN_POINT ( 'NONE',  ( -2.077614770644702347, 1.495248937421257418, -0.1142618748669499834 ) ) ;
#1373 = CARTESIAN_POINT ( 'NONE',  ( 0.9299882062258929549, 2.534929708684861449, -1.296908504224178804 ) ) ;
#1374 =( NAMED_UNIT ( * ) PLANE_ANGLE_UNIT ( ) SI_UNIT ( $, .RADIAN. ) );
#1375 = ORIENTED_EDGE ( 'NONE', *, *, #418, .T. ) ;
#1376 = CARTESIAN_POINT ( 'NONE',  ( -0.9429948486640415961, 2.179459498102945147, 1.002188250477718423 ) ) ;
#1377 = DIRECTION ( 'NONE',  ( 0.000000000000000000, 1.000000000000000000, 0.000000000000000000 ) ) ;
#1378 = CARTESIAN_POINT ( 'NONE',  ( 2.249999999999999112, 2.142570782904941851, 0.000000000000000000 ) ) ;
#1379 = AXIS2_PLACEMENT_3D ( 'NONE', #376, #1261, #617 ) ;
#1380 = EDGE_LOOP ( 'NONE', ( #1606, #2553, #2390, #1428 ) ) ;
#1381 = CARTESIAN_POINT ( 'NONE',  ( 2.249812782852324666, 2.765725761750092548, -0.03746180991090682783 ) ) ;
#1382 = TOROIDAL_SURFACE ( 'NONE', #246, 0.2999999999999999334, 0.2500000000000003886 ) ;
#1383 = CARTESIAN_POINT ( 'NONE',  ( -1.666044897046615736, 2.245087808376971417, 1.357250670341862753 ) ) ;
#1384 = CARTESIAN_POINT ( 'NONE',  ( 1.068679564664602344, 1.748765809586256603, -6.735269736742977457E-14 ) ) ;
#1385 = CIRCLE ( 'NONE', #1435, 0.2500000000000003886 ) ;
#1386 = EDGE_CURVE ( 'NONE', #1281, #1196, #1489, .T. ) ;
#1387 = CARTESIAN_POINT ( 'NONE',  ( -1.696127815876268485, 0.9237604307033957518, -0.1959039938370445710 ) ) ;
#1388 = CARTESIAN_POINT ( 'NONE',  ( 1.527469875352079232, 2.436657572776692593, -1.417132019828864387 ) ) ;
#1389 = ORIENTED_EDGE ( 'NONE', *, *, #907, .F. ) ;
#1390 = ADVANCED_FACE ( 'NONE', ( #637 ), #1455, .T. ) ;
#1391 = CARTESIAN_POINT ( 'NONE',  ( 2.124664105786648438, 2.398607554532228736, -0.4233897670531336366 ) ) ;
#1392 = CARTESIAN_POINT ( 'NONE',  ( -0.9585301565741127794, 1.849566971679970084, 0.2470194140533434335 ) ) ;
#1393 = CARTESIAN_POINT ( 'NONE',  ( 0.8499999999999996447, 4.100000000000000533, -0.1000000000000000472 ) ) ;
#1394 = ORIENTED_EDGE ( 'NONE', *, *, #2546, .T. ) ;
#1395 = DIRECTION ( 'NONE',  ( 1.000000000000000000, 0.000000000000000000, 0.000000000000000000 ) ) ;
#1396 = CARTESIAN_POINT ( 'NONE',  ( 1.068679564664630544, 1.748765809586239728, 0.02334063793121213259 ) ) ;
#1397 = ORIENTED_EDGE ( 'NONE', *, *, #1311, .T. ) ;
#1398 = CARTESIAN_POINT ( 'NONE',  ( 2.248397786827634359, 2.724720424227741855, 0.05079422896391876108 ) ) ;
#1399 = DIRECTION ( 'NONE',  ( -0.8660254037844411501, 0.4999999999999956701, 0.000000000000000000 ) ) ;
#1400 = DIRECTION ( 'NONE',  ( 1.000000000000000000, 0.000000000000000000, 0.000000000000000000 ) ) ;
#1401 = ADVANCED_FACE ( 'NONE', ( #2169 ), #2377, .F. ) ;
#1402 = FACE_OUTER_BOUND ( 'NONE', #964, .T. ) ;
#1403 = EDGE_CURVE ( 'NONE', #1766, #328, #1336, .T. ) ;
#1404 = CIRCLE ( 'NONE', #2114, 1.399999999999999911 ) ;
#1405 = CARTESIAN_POINT ( 'NONE',  ( 2.131044848461628671, 2.361585643983356686, -0.3988243063380242925 ) ) ;
#1406 = CARTESIAN_POINT ( 'NONE',  ( -0.8470389322291057566, 1.566787517589368184, 0.1685168436858749674 ) ) ;
#1407 = CARTESIAN_POINT ( 'NONE',  ( 0.8499999999999996447, 3.317712699598606374, -1.500000000000000000 ) ) ;
#1408 = ORIENTED_EDGE ( 'NONE', *, *, #2378, .F. ) ;
#1409 = DIRECTION ( 'NONE',  ( -0.000000000000000000, -1.000000000000000000, -0.000000000000000000 ) ) ;
#1410 = FACE_OUTER_BOUND ( 'NONE', #475, .T. ) ;
#1411 = CARTESIAN_POINT ( 'NONE',  ( -1.102438150596353861, 1.816434470741163043, 0.2934112718813977616 ) ) ;
#1412 = CIRCLE ( 'NONE', #305, 0.5499999999999992673 ) ;
#1413 = VERTEX_POINT ( 'NONE', #2147 ) ;
#1414 = CARTESIAN_POINT ( 'NONE',  ( 2.245426812625948454, 2.705777557613737727, 0.1000000000000073053 ) ) ;
#1415 = CARTESIAN_POINT ( 'NONE',  ( -0.9399549444228513240, 1.851779477781445582, -0.1564256359757637549 ) ) ;
#1416 = CARTESIAN_POINT ( 'NONE',  ( -1.250000000000000222, 1.240239266662187756, -0.1142618748669499834 ) ) ;
#1417 = CARTESIAN_POINT ( 'NONE',  ( -1.157801726570174106, 1.704959569514248097, 0.2770551433964985599 ) ) ;
#1418 = FILL_AREA_STYLE ('',( #143 ) ) ;
#1419 = EDGE_CURVE ( 'NONE', #2224, #1105, #823, .T. ) ;
#1420 = CARTESIAN_POINT ( 'NONE',  ( 2.500000000000000444, -6.999999999999999112, 0.000000000000000000 ) ) ;
#1421 = PLANE ( 'NONE',  #550 ) ;
#1422 = CARTESIAN_POINT ( 'NONE',  ( 2.107760247393895447, 2.856914659721826677, 0.7169891035789441869 ) ) ;
#1423 = ORIENTED_EDGE ( 'NONE', *, *, #130, .F. ) ;
#1424 = DIRECTION ( 'NONE',  ( 0.07473610405457506434, 0.7787756959278228086, -0.6228345929561711625 ) ) ;
#1425 = FACE_OUTER_BOUND ( 'NONE', #2502, .T. ) ;
#1426 = CARTESIAN_POINT ( 'NONE',  ( 1.303872184123733291, 0.9237604307033963069, -0.1959039938370446543 ) ) ;
#1427 = VECTOR ( 'NONE', #216, 1000.000000000000000 ) ;
#1428 = ORIENTED_EDGE ( 'NONE', *, *, #2243, .F. ) ;
#1429 = AXIS2_PLACEMENT_3D ( 'NONE', #630, #2394, #1713 ) ;
#1430 = CARTESIAN_POINT ( 'NONE',  ( -1.205334512457757024, 2.870546762761180926, 1.482422000451820265 ) ) ;
#1431 = DIRECTION ( 'NONE',  ( 0.1530338941893885640, 0.04908302497975110257, 0.9870012583011574803 ) ) ;
#1432 = CARTESIAN_POINT ( 'NONE',  ( -2.241994113527173926, 2.670007662100432722, 0.1304484229086138591 ) ) ;
#1433 = CARTESIAN_POINT ( 'NONE',  ( 0.8499999999999996447, 5.500000000000000888, -0.1000000000000000472 ) ) ;
#1434 = CARTESIAN_POINT ( 'NONE',  ( -1.081241156978708595, 1.736973581301874070, -0.07001649453755107166 ) ) ;
#1435 = AXIS2_PLACEMENT_3D ( 'NONE', #1565, #1123, #1769 ) ;
#1436 = CARTESIAN_POINT ( 'NONE',  ( 2.208123212000963065, 2.509317301871070605, -0.2363739078122598092 ) ) ;
#1437 = DIRECTION ( 'NONE',  ( 0.000000000000000000, 1.000000000000000000, 0.000000000000000000 ) ) ;
#1438 = CARTESIAN_POINT ( 'NONE',  ( 2.249999649238269672, 1.423308087843319969, 0.2452539353351732843 ) ) ;
#1439 = B_SPLINE_CURVE_WITH_KNOTS ( 'NONE', 3,
 ( #278, #1275, #721, #2116, #2129, #241, #2533, #1965, #226, #1086, #924, #87 ),
 .UNSPECIFIED., .F., .F.,
 ( 4, 2, 2, 2, 2, 4 ),
 ( 1.355252715606880543E-20, 0.0005687098722608805281, 0.0008530648083913208463, 0.001137419744521761056, 0.001706129616782641259, 0.002274839489043521245 ),
 .UNSPECIFIED. ) ;
#1440 = ORIENTED_EDGE ( 'NONE', *, *, #1657, .T. ) ;
#1441 = CARTESIAN_POINT ( 'NONE',  ( 1.086337829057963722, 1.732279609409851373, -0.08580044645053842844 ) ) ;
#1442 = CARTESIAN_POINT ( 'NONE',  ( -1.250000000000000000, 0.9237604307033957518, 0.000000000000000000 ) ) ;
#1443 = CARTESIAN_POINT ( 'NONE',  ( -1.597388676255583118, 1.905648345039133496, 0.6394738418002650082 ) ) ;
#1444 = CARTESIAN_POINT ( 'NONE',  ( -1.466305015389348876, 2.520416353258032593, 1.434636619862657225 ) ) ;
#1445 = CARTESIAN_POINT ( 'NONE',  ( -2.249809434320912516, 2.758655716979784955, 0.02836436067932586458 ) ) ;
#1446 = DIRECTION ( 'NONE',  ( 0.000000000000000000, 0.000000000000000000, 1.000000000000000000 ) ) ;
#1447 = CARTESIAN_POINT ( 'NONE',  ( 2.349999999999998757, 0.2598076211353319009, 0.000000000000000000 ) ) ;
#1448 = DIRECTION ( 'NONE',  ( -0.000000000000000000, -0.000000000000000000, 1.000000000000000000 ) ) ;
#1449 = CARTESIAN_POINT ( 'NONE',  ( 1.841019902657220930, 2.197487925821157262, -0.7108213695735227100 ) ) ;
#1450 = TOROIDAL_SURFACE ( 'NONE', #2333, 0.2999999999999990452, 0.2500000000000003886 ) ;
#1451 = CARTESIAN_POINT ( 'NONE',  ( -0.9386300471259730882, 2.325852777518716330, -1.136047985878560151 ) ) ;
#1452 = CARTESIAN_POINT ( 'NONE',  ( 0.9399549444228517681, 1.851779477781481553, -0.1564256359766395543 ) ) ;
#1453 = CARTESIAN_POINT ( 'NONE',  ( 1.500967851885293136, 1.847354041427136107, 0.6116557628557396376 ) ) ;
#1454 = CARTESIAN_POINT ( 'NONE',  ( 1.081241156978710150, 1.736973581301872294, 0.07001649453755154351 ) ) ;
#1455 = B_SPLINE_SURFACE_WITH_KNOTS ( 'NONE', 3, 3, ( 
 ( #2539, #1718, #1097, #27 ),
 ( #1120, #730, #476, #1975 ),
 ( #1925, #65, #2159, #1310 ),
 ( #1564, #1356, #885, #1134 ),
 ( #1527, #2565, #301, #680 ),
 ( #2193, #50, #502, #38 ),
 ( #1518, #717, #2363, #1318 ),
 ( #82, #936, #1110, #265 ),
 ( #691, #1947, #2353, #908 ),
 ( #1739, #2587, #2575, #704 ),
 ( #1767, #2405, #2614, #1329 ),
 ( #1536, #2602, #1752, #489 ) ),
 .UNSPECIFIED., .T., .F., .F.,
 ( 4, 1, 1, 1, 2, 1, 1, 1, 4 ),
 ( 4, 4 ),
 ( 0.000000000000000000, 0.1250000000000000000, 0.2500000000000000000, 0.3750000000000000000, 0.5000000000000000000, 0.6250000000000000000, 0.7500000000000000000, 0.8750000000000000000, 1.000000000000000000 ),
 ( 0.000000000000000000, 1.000000000000000000 ),
 .UNSPECIFIED. ) ;
#1456 = DIRECTION ( 'NONE',  ( -1.000000000000000000, 0.000000000000000000, 0.000000000000000000 ) ) ;
#1457 = ADVANCED_FACE ( 'NONE', ( #2181 ), #2279, .F. ) ;
#1458 = CARTESIAN_POINT ( 'NONE',  ( 2.077614770644702347, 1.495248937421257418, 0.000000000000000000 ) ) ;
#1459 =( BOUNDED_SURFACE ( )  B_SPLINE_SURFACE ( 3, 2, ( 
 ( #2406, #504, #1358 ),
 ( #922, #1754, #1370 ),
 ( #2603, #2194, #1950 ),
 ( #1550, #2393, #302 ),
 ( #1344, #1148, #1768 ),
 ( #950, #288, #2630 ),
 ( #2183, #1976, #83 ),
 ( #745, #937, #1577 ),
 ( #531, #266, #2206 ),
 ( #315, #1936, #40 ),
 ( #896, #1728, #2578 ),
 ( #53, #1740, #694 ),
 ( #1528, #2366, #478 ),
 ( #2160, #1178, #2481 ),
 ( #2281, #139, #787 ),
 ( #2220, #2657, #1824 ),
 ( #2266, #559, #1192 ),
 ( #2449, #1839, #1632 ),
 ( #1855, #817, #771 ),
 ( #2004, #2699, #1809 ) ),
 .UNSPECIFIED., .F., .F., .F. ) 
 B_SPLINE_SURFACE_WITH_KNOTS ( ( 4, 2, 2, 2, 2, 2, 2, 2, 2, 4 ),
 ( 3, 3 ),
 ( -5.828941929825193213E-17, 0.0001751820742286656581, 0.0003503641484573895922, 0.0007007282969148375144, 0.001051092445372285491, 0.001401456593829733359, 0.001751820742287181227, 0.002102184890744629095, 0.002452549039202076963, 0.002802913187659524831 ),
 ( 0.000000000000000000, 1.000000000000000000 ),
 .UNSPECIFIED. ) 
 GEOMETRIC_REPRESENTATION_ITEM ( )  RATIONAL_B_SPLINE_SURFACE ( (
 ( 1.000000000000000000, 0.9986698507590477947, 1.000000000000000000),
 ( 1.000000000000000000, 0.9981231947327157128, 1.000000000000000000),
 ( 1.000000000000000000, 0.9974179465187609228, 1.000000000000000000),
 ( 1.000000000000000000, 0.9957754186592024936, 1.000000000000000000),
 ( 1.000000000000000000, 0.9948372628718412658, 1.000000000000000000),
 ( 1.000000000000000000, 0.9916669234314545722, 1.000000000000000000),
 ( 1.000000000000000000, 0.9891629486183791675, 1.000000000000000000),
 ( 1.000000000000000000, 0.9827038388456853513, 1.000000000000000000),
 ( 1.000000000000000000, 0.9787948174897977971, 1.000000000000000000),
 ( 1.000000000000000000, 0.9703205270217363232, 1.000000000000000000),
 ( 1.000000000000000000, 0.9655716019301449071, 1.000000000000000000),
 ( 1.000000000000000000, 0.9547227846143669927, 1.000000000000000000),
 ( 1.000000000000000000, 0.9480716072088092305, 1.000000000000000000),
 ( 1.000000000000000000, 0.9359982326527062080, 1.000000000000000000),
 ( 1.000000000000000000, 0.9303221682018014693, 1.000000000000000000),
 ( 1.000000000000000000, 0.9224248884553085670, 1.000000000000000000),
 ( 1.000000000000000000, 0.9197844011473403913, 1.000000000000000000),
 ( 1.000000000000000000, 0.9228990575811033548, 1.000000000000000000),
 ( 1.000000000000000000, 0.9284269138658015619, 1.000000000000000000),
 ( 1.000000000000000000, 0.9394242159561585481, 1.000000000000000000) ) ) 
 REPRESENTATION_ITEM ( '' )  SURFACE ( )  );
#1460 = DIRECTION ( 'NONE',  ( 1.000000000000000000, 0.000000000000000000, 0.000000000000000000 ) ) ;
#1461 = DIRECTION ( 'NONE',  ( -9.637352644315594010E-17, -1.000000000000000000, 0.000000000000000000 ) ) ;
#1462 = ADVANCED_FACE ( 'NONE', ( #1425 ), #2653, .F. ) ;
#1463 = DIRECTION ( 'NONE',  ( 0.000000000000000000, 0.000000000000000000, 1.000000000000000000 ) ) ;
#1464 = TOROIDAL_SURFACE ( 'NONE', #349, 4.431249999999999467, 1.399999999999999911 ) ;
#1465 = CARTESIAN_POINT ( 'NONE',  ( -1.913886882712386051, 2.130791072797703301, 0.5919958753158475195 ) ) ;
#1466 = ORIENTED_EDGE ( 'NONE', *, *, #1104, .T. ) ;
#1467 = CARTESIAN_POINT ( 'NONE',  ( -0.9399224806201544880, 1.850593558024074214, -0.2118859317458439140 ) ) ;
#1468 = CARTESIAN_POINT ( 'NONE',  ( -1.096982411943094871, 1.724740828860228392, -0.1177329052108900681 ) ) ;
#1469 = ADVANCED_FACE ( 'NONE', ( #1410 ), #530, .T. ) ;
#1470 = CARTESIAN_POINT ( 'NONE',  ( -1.205334512457989726, 2.870546762760987747, -1.482422000451776301 ) ) ;
#1471 = FACE_OUTER_BOUND ( 'NONE', #740, .T. ) ;
#1472 = CARTESIAN_POINT ( 'NONE',  ( -1.081241156978708817, 1.736973581301874514, -0.07001649453755180719 ) ) ;
#1473 = ADVANCED_FACE ( 'NONE', ( #1987 ), #542, .T. ) ;
#1474 = CARTESIAN_POINT ( 'NONE',  ( -1.988180326651936447, 2.291179373429067301, -0.6354335957747975216 ) ) ;
#1475 = CARTESIAN_POINT ( 'NONE',  ( -1.363988384019495737, 1.965425440763262532, 0.7203914764355924261 ) ) ;
#1476 = EDGE_CURVE ( 'NONE', #713, #1013, #1247, .T. ) ;
#1477 = ORIENTED_EDGE ( 'NONE', *, *, #1677, .F. ) ;
#1478 = DIRECTION ( 'NONE',  ( 0.000000000000000000, 1.000000000000000000, 0.000000000000000000 ) ) ;
#1479 = CARTESIAN_POINT ( 'NONE',  ( -2.250000000000000000, 2.801304834897971219, 1.051760455420774700E-13 ) ) ;
#1480 = CARTESIAN_POINT ( 'NONE',  ( 1.770911702438367596, 2.108137958476985929, -0.6728738340114104322 ) ) ;
#1481 = AXIS2_PLACEMENT_3D ( 'NONE', #256, #1343, #1935 ) ;
#1482 = CARTESIAN_POINT ( 'NONE',  ( -1.750000000000000888, 0.9237604307033958628, 2.710505431213761085E-17 ) ) ;
#1483 = CARTESIAN_POINT ( 'NONE',  ( -1.766169143340139858, 2.153830429376641042, -0.7400880761517909523 ) ) ;
#1484 = CARTESIAN_POINT ( 'NONE',  ( 2.245426812623728896, 2.705777557590604676, 0.1000000000000000472 ) ) ;
#1485 = ADVANCED_FACE ( 'NONE', ( #2204 ), #2629, .F. ) ;
#1486 = DIRECTION ( 'NONE',  ( -1.000000000000000000, 0.000000000000000000, 0.000000000000000000 ) ) ;
#1487 = FACE_OUTER_BOUND ( 'NONE', #187, .T. ) ;
#1488 = CARTESIAN_POINT ( 'NONE',  ( -1.091574913785382739, 1.728220999492757537, 0.1019431800541708566 ) ) ;
#1489 = B_SPLINE_CURVE_WITH_KNOTS ( 'NONE', 3,
 ( #396, #2077, #1029, #622, #1911, #4, #2525 ),
 .UNSPECIFIED., .F., .F.,
 ( 4, 3, 4 ),
 ( -8.310448329056818506E-06, 0.000000000000000000, 0.0001300642904022366209 ),
 .UNSPECIFIED. ) ;
#1490 = DIRECTION ( 'NONE',  ( 0.000000000000000000, -0.000000000000000000, 1.000000000000000000 ) ) ;
#1491 = DIRECTION ( 'NONE',  ( 0.000000000000000000, 1.000000000000000000, 0.000000000000000000 ) ) ;
#1492 = ORIENTED_EDGE ( 'NONE', *, *, #918, .F. ) ;
#1493 = DIRECTION ( 'NONE',  ( -1.000000000000000000, 9.637352644315594010E-17, 0.000000000000000000 ) ) ;
#1494 = DIRECTION ( 'NONE',  ( 0.9881923245753512219, 0.000000000000000000, -0.1532185682297143026 ) ) ;
#1495 = FACE_OUTER_BOUND ( 'NONE', #1191, .T. ) ;
#1496 = CARTESIAN_POINT ( 'NONE',  ( -0.8499999999999998668, 5.500000000000000888, -0.1000000000000000472 ) ) ;
#1497 = CARTESIAN_POINT ( 'NONE',  ( -1.184299018522778635, 1.836138403660030116, -0.4307024849050993809 ) ) ;
#1498 = DIRECTION ( 'NONE',  ( 0.9762043058966523024, 0.000000000000000000, -0.2168528375392752006 ) ) ;
#1499 = CARTESIAN_POINT ( 'NONE',  ( 1.849763635533715700, 2.079860253058580799, 0.6199642466252934803 ) ) ;
#1500 = DIRECTION ( 'NONE',  ( -0.000000000000000000, -1.000000000000000000, -0.000000000000000000 ) ) ;
#1501 = VECTOR ( 'NONE', #616, 1000.000000000000000 ) ;
#1502 = CYLINDRICAL_SURFACE ( 'NONE', #2257, 0.9999999999999997780 ) ;
#1503 = DIRECTION ( 'NONE',  ( -0.000000000000000000, -0.000000000000000000, -1.000000000000000000 ) ) ;
#1504 = EDGE_LOOP ( 'NONE', ( #2142, #894, #1574, #472 ) ) ;
#1505 = CARTESIAN_POINT ( 'NONE',  ( 2.245176429993595235, 2.686470453411624160, 0.07582886964842926181 ) ) ;
#1506 = CARTESIAN_POINT ( 'NONE',  ( 1.124419092167442402, 1.707083048475649178, -0.1978471020975455519 ) ) ;
#1507 = ORIENTED_EDGE ( 'NONE', *, *, #2021, .F. ) ;
#1508 = CARTESIAN_POINT ( 'NONE',  ( 1.137278132385173723, 1.888559394565761274, -0.5653844298477501695 ) ) ;
#1509 = CARTESIAN_POINT ( 'NONE',  ( -2.241574353826587096, 2.643700345299396126, -0.1038224383281605712 ) ) ;
#1510 = CARTESIAN_POINT ( 'NONE',  ( 1.988221082975503373, 2.291210081923847675, 0.6354008079846237278 ) ) ;
#1511 = AXIS2_PLACEMENT_3D ( 'NONE', #752, #2664, #1582 ) ;
#1512 = SPHERICAL_SURFACE ( 'NONE', #2261, 1.399999999999999911 ) ;
#1513 = APPLICATION_CONTEXT ( 'automotive_design' ) ;
#1514 = CARTESIAN_POINT ( 'NONE',  ( 1.800000000000000488, 0.9237604307033959739, 0.000000000000000000 ) ) ;
#1515 = CARTESIAN_POINT ( 'NONE',  ( -1.096982411943612679, 1.724740828859849806, 0.1177329052122600000 ) ) ;
#1516 = ORIENTED_EDGE ( 'NONE', *, *, #1664, .F. ) ;
#1517 = ORIENTED_EDGE ( 'NONE', *, *, #2655, .F. ) ;
#1518 = CARTESIAN_POINT ( 'NONE',  ( 1.250000000000000222, 0.9237604307033958628, 0.06544984642750290016 ) ) ;
#1519 = CARTESIAN_POINT ( 'NONE',  ( -1.295983361691202207, 1.807610384529080516, 0.4881065764488988212 ) ) ;
#1520 = CARTESIAN_POINT ( 'NONE',  ( -1.750000000000001110, 0.9237604307033958628, 1.355252715606880543E-17 ) ) ;
#1521 = CIRCLE ( 'NONE', #1379, 0.2500000000000003886 ) ;
#1522 = AXIS2_PLACEMENT_3D ( 'NONE', #1583, #497, #1971 ) ;
#1523 = DIRECTION ( 'NONE',  ( 0.000000000000000000, 0.000000000000000000, 1.000000000000000000 ) ) ;
#1524 = CARTESIAN_POINT ( 'NONE',  ( 2.500000000000000444, -6.999999999999999112, 0.000000000000000000 ) ) ;
#1525 = ORIENTED_EDGE ( 'NONE', *, *, #2205, .F. ) ;
#1526 = ORIENTED_EDGE ( 'NONE', *, *, #2634, .F. ) ;
#1527 = CARTESIAN_POINT ( 'NONE',  ( 1.303872184123733291, 0.9237604307033963069, -0.1959039938370446543 ) ) ;
#1528 = CARTESIAN_POINT ( 'NONE',  ( 1.597388676252798678, 1.905648345037490143, 0.6394738417997254398 ) ) ;
#1529 = CARTESIAN_POINT ( 'NONE',  ( 2.249999999999999112, 2.142570782904941851, 0.000000000000000000 ) ) ;
#1530 = CARTESIAN_POINT ( 'NONE',  ( -1.029618876447395026, 1.821475396219082832, 0.09994631714565911651 ) ) ;
#1531 = VERTEX_POINT ( 'NONE', #1807 ) ;
#1532 = LINE ( 'NONE', #485, #1981 ) ;
#1533 = CARTESIAN_POINT ( 'NONE',  ( -2.182390149558416148, 2.445836801602804034, -0.3046430501299497995 ) ) ;
#1534 = ORIENTED_EDGE ( 'NONE', *, *, #1077, .F. ) ;
#1535 = ADVANCED_FACE ( 'NONE', ( #1368 ), #487, .F. ) ;
#1536 = CARTESIAN_POINT ( 'NONE',  ( 1.750000000000000888, 0.9237604307033958628, 2.710505431213761085E-17 ) ) ;
#1537 = AXIS2_PLACEMENT_3D ( 'NONE', #1040, #1424, #151 ) ;
#1538 = DIRECTION ( 'NONE',  ( 1.000000000000000000, 0.000000000000000000, 0.000000000000000000 ) ) ;
#1539 = CARTESIAN_POINT ( 'NONE',  ( 2.500000000000000444, -6.999999999999999112, 0.2500000000000003886 ) ) ;
#1540 = CARTESIAN_POINT ( 'NONE',  ( 2.245958496447606922, 2.802896944141092916, -0.2221925516346546225 ) ) ;
#1541 = DIRECTION ( 'NONE',  ( 1.000000000000000000, 1.548860246407863583E-16, 0.000000000000000000 ) ) ;
#1542 = ORIENTED_EDGE ( 'NONE', *, *, #985, .F. ) ;
#1543 = CIRCLE ( 'NONE', #1190, 0.2500000000000003886 ) ;
#1544 = ADVANCED_FACE ( 'NONE', ( #871 ), #1, .T. ) ;
#1545 = CARTESIAN_POINT ( 'NONE',  ( 2.200000000000001510, 0.000000000000000000, 0.000000000000000000 ) ) ;
#1546 = CARTESIAN_POINT ( 'NONE',  ( 0.000000000000000000, 0.9237604307033958628, 0.000000000000000000 ) ) ;
#1547 = CARTESIAN_POINT ( 'NONE',  ( 1.340178567803194554, 1.266657263374027176, 0.3420052851429717933 ) ) ;
#1548 = ORIENTED_EDGE ( 'NONE', *, *, #918, .T. ) ;
#1549 = CARTESIAN_POINT ( 'NONE',  ( -0.8499999999999997558, 4.100000000000000533, -0.1000000000000000472 ) ) ;
#1550 = CARTESIAN_POINT ( 'NONE',  ( 2.218932250499530578, 2.540690804540363334, 0.2027987218740339992 ) ) ;
#1551 = DIRECTION ( 'NONE',  ( -0.000000000000000000, 0.000000000000000000, -1.000000000000000000 ) ) ;
#1552 = CARTESIAN_POINT ( 'NONE',  ( 0.8499999999999996447, 4.100000000000000533, 0.1000000000000000472 ) ) ;
#1553 = CARTESIAN_POINT ( 'NONE',  ( 0.9399224806201569304, 1.850593558024078211, -0.09999999999506431481 ) ) ;
#1554 = DIRECTION ( 'NONE',  ( 9.637352644315594010E-17, -1.000000000000000000, 0.000000000000000000 ) ) ;
#1555 = EDGE_LOOP ( 'NONE', ( #94, #135, #762, #1934, #1838, #1548, #2280 ) ) ;
#1556 = AXIS2_PLACEMENT_3D ( 'NONE', #2339, #454, #440 ) ;
#1557 = EDGE_CURVE ( 'NONE', #807, #2524, #1521, .T. ) ;
#1558 = CARTESIAN_POINT ( 'NONE',  ( -1.765763809103040316, 2.153584000635628826, 0.7402860521069144495 ) ) ;
#1559 = CARTESIAN_POINT ( 'NONE',  ( 0.8500000000000000888, 3.317712699598606374, 1.499999999999999778 ) ) ;
#1560 = CARTESIAN_POINT ( 'NONE',  ( -2.245176429993597900, 2.686470453411617054, 0.07582886964839236077 ) ) ;
#1561 = AXIS2_PLACEMENT_3D ( 'NONE', #2267, #1825, #2049 ) ;
#1562 = EDGE_LOOP ( 'NONE', ( #2244, #686, #205, #1027 ) ) ;
#1563 = ORIENTED_EDGE ( 'NONE', *, *, #696, .T. ) ;
#1564 = CARTESIAN_POINT ( 'NONE',  ( 1.500000000000000222, 0.9237604307033961959, -0.2773108145302790595 ) ) ;
#1565 = CARTESIAN_POINT ( 'NONE',  ( -2.500000000000000444, -1.734723475976807094E-15, 0.000000000000000000 ) ) ;
#1566 = CARTESIAN_POINT ( 'NONE',  ( -2.134190470159908148, 2.107195210869636348, -0.4881065764488982661 ) ) ;
#1567 = CARTESIAN_POINT ( 'NONE',  ( 2.544054856413749288, 2.677119374428561294, -0.09999999999983635868 ) ) ;
#1568 = CARTESIAN_POINT ( 'NONE',  ( -2.249999999999999556, 0.9999999999999997780, -0.1000000000000000472 ) ) ;
#1569 = ORIENTED_EDGE ( 'NONE', *, *, #1476, .F. ) ;
#1570 = CARTESIAN_POINT ( 'NONE',  ( -1.026476941706516044, 3.100355114464143025, -1.496460917271238866 ) ) ;
#1571 = DIRECTION ( 'NONE',  ( 0.000000000000000000, 1.000000000000000000, 0.000000000000000000 ) ) ;
#1572 = ORIENTED_EDGE ( 'NONE', *, *, #297, .F. ) ;
#1573 = CARTESIAN_POINT ( 'NONE',  ( -2.249999999999999556, 2.763002957473778665, 0.02548385999838739813 ) ) ;
#1574 = ORIENTED_EDGE ( 'NONE', *, *, #1802, .F. ) ;
#1575 = CARTESIAN_POINT ( 'NONE',  ( 1.010750457828007542, 1.828212831586388143, -0.02780028011875984584 ) ) ;
#1576 = AXIS2_PLACEMENT_3D ( 'NONE', #2396, #321, #1592 ) ;
#1577 = CARTESIAN_POINT ( 'NONE',  ( 2.033420163839739114, 2.336628085642204589, 0.5762245642773641263 ) ) ;
#1578 = CARTESIAN_POINT ( 'NONE',  ( 2.239107175279319240, 2.614404911084276417, -0.1229958289688877354 ) ) ;
#1579 = CARTESIAN_POINT ( 'NONE',  ( -2.077614770644702347, 1.495248937421257418, 0.000000000000000000 ) ) ;
#1580 = CARTESIAN_POINT ( 'NONE',  ( 0.9425748616873339536, 1.999037805618009367, -0.7169891041628015937 ) ) ;
#1581 = ORIENTED_EDGE ( 'NONE', *, *, #69, .F. ) ;
#1582 = DIRECTION ( 'NONE',  ( 0.000000000000000000, 0.000000000000000000, 1.000000000000000000 ) ) ;
#1583 = CARTESIAN_POINT ( 'NONE',  ( -2.349999999999998757, 0.2598076211353319009, 0.000000000000000000 ) ) ;
#1584 = CARTESIAN_POINT ( 'NONE',  ( 1.180173831851110577, 1.772234812493773681, -0.1630739033063970389 ) ) ;
#1585 = ADVANCED_FACE ( 'NONE', ( #1025 ), #1502, .T. ) ;
#1586 = CARTESIAN_POINT ( 'NONE',  ( 0.9257705226150619859, 1.855170880945041123, 0.1000000000000023370 ) ) ;
#1587 = ADVANCED_FACE ( 'NONE', ( #1703 ), #1642, .T. ) ;
#1588 = CARTESIAN_POINT ( 'NONE',  ( 2.248486198034369110, 2.737657397092848388, 0.06685486228691681077 ) ) ;
#1589 = CARTESIAN_POINT ( 'NONE',  ( 2.226110961053611170, 2.557791275584743840, -0.1846960030913160633 ) ) ;
#1590 = CARTESIAN_POINT ( 'NONE',  ( -2.249999999999999556, 2.801304834897995644, 5.421010862427522170E-17 ) ) ;
#1591 = CARTESIAN_POINT ( 'NONE',  ( 1.205334512457989948, 2.870546762760987747, -1.482422000451776301 ) ) ;
#1592 = DIRECTION ( 'NONE',  ( 0.000000000000000000, 0.000000000000000000, -1.000000000000000000 ) ) ;
#1593 = B_SPLINE_CURVE_WITH_KNOTS ( 'NONE', 3,
 ( #2384, #494, #646, #1759 ),
 .UNSPECIFIED., .F., .F.,
 ( 4, 4 ),
 ( 0.000000000000000000, 5.171347201508979933E-05 ),
 .UNSPECIFIED. ) ;
#1594 = ORIENTED_EDGE ( 'NONE', *, *, #204, .T. ) ;
#1595 = CARTESIAN_POINT ( 'NONE',  ( 1.971035971134997622, 2.247285953751690268, -0.5815935292836074133 ) ) ;
#1596 = CARTESIAN_POINT ( 'NONE',  ( -1.977604801065009354, 2.291136309214977906, 0.6267245333532175389 ) ) ;
#1597 = DIRECTION ( 'NONE',  ( 0.000000000000000000, 0.000000000000000000, 1.000000000000000000 ) ) ;
#1598 = CARTESIAN_POINT ( 'NONE',  ( 2.249999999999999556, 2.801304834897995644, 0.2118859317458441083 ) ) ;
#1599 = CARTESIAN_POINT ( 'NONE',  ( 0.9399549444195852699, 1.851779477782534045, 0.1564256359763265825 ) ) ;
#1600 = ORIENTED_EDGE ( 'NONE', *, *, #690, .F. ) ;
#1601 = CARTESIAN_POINT ( 'NONE',  ( 2.248172544067420286, 2.731157653926183926, 0.05885043398760038402 ) ) ;
#1602 = CARTESIAN_POINT ( 'NONE',  ( -0.8757613643337393006, 3.135666103355990053, -1.499999999999999778 ) ) ;
#1603 = PRESENTATION_LAYER_ASSIGNMENT (  '', '', ( #1734 ) ) ;
#1604 = DIRECTION ( 'NONE',  ( 0.000000000000000000, 0.000000000000000000, 1.000000000000000000 ) ) ;
#1605 = CARTESIAN_POINT ( 'NONE',  ( -2.182357440390453540, 2.445771539661333094, 0.3047156177195305959 ) ) ;
#1606 = ORIENTED_EDGE ( 'NONE', *, *, #115, .T. ) ;
#1607 = CARTESIAN_POINT ( 'NONE',  ( -2.249999999999999112, 2.142570782904941851, -0.1630739033063970389 ) ) ;
#1608 = DIRECTION ( 'NONE',  ( 0.000000000000000000, 0.000000000000000000, 1.000000000000000000 ) ) ;
#1609 = CARTESIAN_POINT ( 'NONE',  ( 1.081241156978710150, 1.736973581301872294, 0.07001649453755154351 ) ) ;
#1610 = ORIENTED_EDGE ( 'NONE', *, *, #620, .T. ) ;
#1611 = DIRECTION ( 'NONE',  ( -1.000000000000000000, 0.000000000000000000, 0.000000000000000000 ) ) ;
#1612 = VERTEX_POINT ( 'NONE', #2493 ) ;
#1613 = CARTESIAN_POINT ( 'NONE',  ( 1.096982411943096425, 1.724740828860225061, -0.1177329052108926633 ) ) ;
#1614 = CARTESIAN_POINT ( 'NONE',  ( -1.664898520832769124, 1.950008883235726742, 0.6480178623117573977 ) ) ;
#1615 = EDGE_CURVE ( 'NONE', #1884, #1676, #2397, .T. ) ;
#1616 = ORIENTED_EDGE ( 'NONE', *, *, #2022, .F. ) ;
#1617 = CARTESIAN_POINT ( 'NONE',  ( 1.124158937631470678, 1.707250406661110276, -0.1970872329028760805 ) ) ;
#1618 = CARTESIAN_POINT ( 'NONE',  ( -1.500000000000000222, 0.9237604307033961959, -0.2773108145302790595 ) ) ;
#1619 = CARTESIAN_POINT ( 'NONE',  ( -1.849763635535346618, 2.079860253059798048, 0.6199642466247989869 ) ) ;
#1620 = ORIENTED_EDGE ( 'NONE', *, *, #690, .T. ) ;
#1621 = VECTOR ( 'NONE', #2057, 1000.000000000000000 ) ;
#1622 = DIRECTION ( 'NONE',  ( -0.8660254037844422603, -0.4999999999999941158, -0.000000000000000000 ) ) ;
#1623 = B_SPLINE_CURVE_WITH_KNOTS ( 'NONE', 3,
 ( #269, #2138, #1529, #1722 ),
 .UNSPECIFIED., .F., .F.,
 ( 4, 4 ),
 ( 0.000000000000000000, 1.000000000000000000 ),
 .UNSPECIFIED. ) ;
#1624 = CARTESIAN_POINT ( 'NONE',  ( -0.9200975500315033972, 2.686599038604878142, -1.373697690947823791 ) ) ;
#1625 = CARTESIAN_POINT ( 'NONE',  ( 0.9423401297368511065, 1.975302511469829048, 0.6686788553810064650 ) ) ;
#1626 = EDGE_LOOP ( 'NONE', ( #1394, #664, #271, #1581 ) ) ;
#1627 = DIRECTION ( 'NONE',  ( 0.000000000000000000, 0.000000000000000000, 1.000000000000000000 ) ) ;
#1628 = CARTESIAN_POINT ( 'NONE',  ( 1.073727544454778693, 1.743893591429675149, -0.04674785611207355612 ) ) ;
#1629 = CARTESIAN_POINT ( 'NONE',  ( -2.033420163844680495, 2.336628085646492270, 0.5762245642721530725 ) ) ;
#1630 = AXIS2_PLACEMENT_3D ( 'NONE', #790, #592, #1635 ) ;
#1631 = EDGE_LOOP ( 'NONE', ( #521, #2125 ) ) ;
#1632 = CARTESIAN_POINT ( 'NONE',  ( 0.9924449380248266950, 1.853412108938067293, 0.3420063497636453009 ) ) ;
#1633 = CARTESIAN_POINT ( 'NONE',  ( -1.525000000000003020, 0.4474464586219530915, 0.000000000000000000 ) ) ;
#1634 = CARTESIAN_POINT ( 'NONE',  ( -2.099563822120032341, 2.860109601552593084, 0.7383023724197047555 ) ) ;
#1635 = DIRECTION ( 'NONE',  ( 1.000000000000000000, 0.000000000000000000, 0.000000000000000000 ) ) ;
#1636 = CARTESIAN_POINT ( 'NONE',  ( 2.040407536121716436, 2.250596649758828782, -0.5053258455853422149 ) ) ;
#1637 = CARTESIAN_POINT ( 'NONE',  ( -1.157451585050209841, 3.210027903867858523, -1.474643552281589276 ) ) ;
#1638 = CARTESIAN_POINT ( 'NONE',  ( 0.8965654685037899307, 2.952300402259623979, -1.467054822824975790 ) ) ;
#1639 = ADVANCED_FACE ( 'NONE', ( #847 ), #2306, .F. ) ;
#1640 = VERTEX_POINT ( 'NONE', #1442 ) ;
#1641 = CARTESIAN_POINT ( 'NONE',  ( -0.8499999999999997558, 4.100000000000000533, 0.1000000000000000472 ) ) ;
#1642 = CYLINDRICAL_SURFACE ( 'NONE', #2211, 1.399999999999999911 ) ;
#1643 = CARTESIAN_POINT ( 'NONE',  ( -1.288277458962982180, 1.742102353803604453, 0.4670542772791267394 ) ) ;
#1644 = AXIS2_PLACEMENT_3D ( 'NONE', #244, #1503, #862 ) ;
#1645 = ORIENTED_EDGE ( 'NONE', *, *, #2437, .F. ) ;
#1646 = CARTESIAN_POINT ( 'NONE',  ( 2.249999999999999556, 2.769498556091345876, 0.03350096048537914289 ) ) ;
#1647 = FACE_OUTER_BOUND ( 'NONE', #2080, .T. ) ;
#1648 = DIRECTION ( 'NONE',  ( -1.000000000000000000, 0.000000000000000000, 0.000000000000000000 ) ) ;
#1649 = CARTESIAN_POINT ( 'NONE',  ( -1.024106144413281738, 1.823631398749486987, 0.08318468573959367229 ) ) ;
#1650 = VERTEX_POINT ( 'NONE', #12 ) ;
#1651 = ORIENTED_EDGE ( 'NONE', *, *, #2176, .T. ) ;
#1652 = AXIS2_PLACEMENT_3D ( 'NONE', #1951, #1551, #517 ) ;
#1653 = CARTESIAN_POINT ( 'NONE',  ( 2.219715103502422515, 2.584090335775187874, -0.2372754118736327411 ) ) ;
#1654 = CARTESIAN_POINT ( 'NONE',  ( -1.302957532768645343, 2.741633294208773552, -1.472061297639885247 ) ) ;
#1655 = CARTESIAN_POINT ( 'NONE',  ( -1.650000000000002132, 0.6639528095680637954, 0.000000000000000000 ) ) ;
#1656 = DIRECTION ( 'NONE',  ( 0.000000000000000000, 0.000000000000000000, 1.000000000000000000 ) ) ;
#1657 = EDGE_CURVE ( 'NONE', #2480, #2019, #1955, .T. ) ;
#1658 = CARTESIAN_POINT ( 'NONE',  ( -0.9399549444228513240, 1.851779477781445582, -0.1564256359757637549 ) ) ;
#1659 = CARTESIAN_POINT ( 'NONE',  ( -1.466040681773864485, 1.827925070163876509, 0.5957198826337589681 ) ) ;
#1660 = CARTESIAN_POINT ( 'NONE',  ( -2.249999999999999556, 2.799090152378571172, -0.001473417842656184282 ) ) ;
#1661 = CARTESIAN_POINT ( 'NONE',  ( -2.218932250501026271, 2.540690804545252313, 0.2027987218691143789 ) ) ;
#1662 = CARTESIAN_POINT ( 'NONE',  ( -1.010750457828032189, 1.828212831586395026, -0.02780028011932028295 ) ) ;
#1663 = CARTESIAN_POINT ( 'NONE',  ( -1.024106144412979091, 1.823631398749718135, -0.08318468573960458023 ) ) ;
#1664 = EDGE_CURVE ( 'NONE', #1105, #1064, #1116, .T. ) ;
#1665 = EDGE_LOOP ( 'NONE', ( #80, #323, #1408, #2352 ) ) ;
#1666 = CARTESIAN_POINT ( 'NONE',  ( 1.848028655632423911, 2.196182520727766985, -0.7267801704661057682 ) ) ;
#1667 = CARTESIAN_POINT ( 'NONE',  ( -2.240665581501739556, 2.656941041310664442, -0.1170648963030981038 ) ) ;
#1668 = ADVANCED_FACE ( 'NONE', ( #2521 ), #1011, .F. ) ;
#1669 = EDGE_CURVE ( 'NONE', #401, #2564, #353, .T. ) ;
#1670 = AXIS2_PLACEMENT_3D ( 'NONE', #2607, #2117, #1334 ) ;
#1671 = DIRECTION ( 'NONE',  ( 0.000000000000000000, 1.000000000000000000, 0.000000000000000000 ) ) ;
#1672 = CARTESIAN_POINT ( 'NONE',  ( 1.871038903017014032, 1.958247283470759159, 1.200852315172759477 ) ) ;
#1673 = CARTESIAN_POINT ( 'NONE',  ( -1.068679564664586357, 1.748765809586275477, -0.02411682736237528296 ) ) ;
#1674 = CARTESIAN_POINT ( 'NONE',  ( -1.848028655633560779, 2.196182520728437115, -0.7267801704656285944 ) ) ;
#1675 = CARTESIAN_POINT ( 'NONE',  ( 2.249999999999999112, 2.142570782904941851, -0.1630739033063970389 ) ) ;
#1676 = VERTEX_POINT ( 'NONE', #814 ) ;
#1677 = EDGE_CURVE ( 'NONE', #1341, #245, #233, .T. ) ;
#1678 = DIRECTION ( 'NONE',  ( 0.000000000000000000, 0.000000000000000000, 1.000000000000000000 ) ) ;
#1679 = CARTESIAN_POINT ( 'NONE',  ( -2.248397786827244449, 2.724720424223920912, -0.05079422896725768050 ) ) ;
#1680 = EDGE_CURVE ( 'NONE', #1231, #339, #1087, .T. ) ;
#1681 = CARTESIAN_POINT ( 'NONE',  ( 1.283105042987526367, 1.935691782519828985, -0.6806841478142409141 ) ) ;
#1682 = ORIENTED_EDGE ( 'NONE', *, *, #432, .F. ) ;
#1683 = CARTESIAN_POINT ( 'NONE',  ( -1.340178567803194554, 1.266657263374027176, 0.3420052851429717933 ) ) ;
#1684 = CARTESIAN_POINT ( 'NONE',  ( -1.523770648412650530, 2.032539086067357559, -0.7626512999787298241 ) ) ;
#1685 = ORIENTED_EDGE ( 'NONE', *, *, #1691, .T. ) ;
#1686 = CARTESIAN_POINT ( 'NONE',  ( -0.9399549444205940185, 1.851779477782206085, -0.1564256359763342152 ) ) ;
#1687 = CYLINDRICAL_SURFACE ( 'NONE', #1429, 1.000000000000000000 ) ;
#1688 = CARTESIAN_POINT ( 'NONE',  ( -1.086413499043761055, 1.732209941916768914, 0.08603492180744655438 ) ) ;
#1689 = CARTESIAN_POINT ( 'NONE',  ( -2.220114161745490478, 2.585237644606242835, -0.2357573310390938259 ) ) ;
#1690 = CARTESIAN_POINT ( 'NONE',  ( -2.249999999999999556, 2.801304834897995644, -0.1000000000000000472 ) ) ;
#1691 = EDGE_CURVE ( 'NONE', #14, #1531, #2188, .T. ) ;
#1692 = CARTESIAN_POINT ( 'NONE',  ( -0.9142985271686077109, 1.858850328835247590, -0.03333333333333317328 ) ) ;
#1693 = CARTESIAN_POINT ( 'NONE',  ( 0.8341478729541043080, 1.569504484480641615, 0.1000000000000007827 ) ) ;
#1694 = CARTESIAN_POINT ( 'NONE',  ( 1.102506351566550080, 1.816473034815722976, -0.2934255686227225657 ) ) ;
#1695 = ORIENTED_EDGE ( 'NONE', *, *, #2278, .T. ) ;
#1696 = AXIS2_PLACEMENT_3D ( 'NONE', #997, #96, #768 ) ;
#1697 = FACE_OUTER_BOUND ( 'NONE', #2435, .T. ) ;
#1698 = CARTESIAN_POINT ( 'NONE',  ( -2.167768132937351933, 2.417572182304384754, -0.3359720261111758810 ) ) ;
#1699 = CARTESIAN_POINT ( 'NONE',  ( 2.169402457171186072, 2.482395638581991193, 0.3795050403937911820 ) ) ;
#1700 = B_SPLINE_CURVE_WITH_KNOTS ( 'NONE', 3,
 ( #2275, #1441, #1217, #356 ),
 .UNSPECIFIED., .F., .F.,
 ( 4, 4 ),
 ( 1.490777987167568597E-19, 5.171347201472438932E-05 ),
 .UNSPECIFIED. ) ;
#1701 = CARTESIAN_POINT ( 'NONE',  ( 2.248486198034432171, 2.737657397093538947, -0.06685486228742368309 ) ) ;
#1702 = B_SPLINE_CURVE_WITH_KNOTS ( 'NONE', 3,
 ( #1609, #1215, #811, #1023 ),
 .UNSPECIFIED., .F., .F.,
 ( 4, 4 ),
 ( 3.523657060577889411E-19, 7.231660234249690173E-05 ),
 .UNSPECIFIED. ) ;
#1703 = FACE_OUTER_BOUND ( 'NONE', #1504, .T. ) ;
#1704 = CARTESIAN_POINT ( 'NONE',  ( -1.302204829573378353, 1.747591797204509634, -0.4822231186061112229 ) ) ;
#1705 = EDGE_LOOP ( 'NONE', ( #2600, #602, #300, #1174, #1103 ) ) ;
#1706 = PLANE ( 'NONE',  #367 ) ;
#1707 = CARTESIAN_POINT ( 'NONE',  ( -2.167973947028559500, 2.480215945507679987, 0.3826408079380013705 ) ) ;
#1708 = CARTESIAN_POINT ( 'NONE',  ( 1.084388449807405230, 1.873977410573921087, -0.5022548418041685725 ) ) ;
#1709 = CARTESIAN_POINT ( 'NONE',  ( -2.249999999999999556, 2.801304834897995644, 0.000000000000000000 ) ) ;
#1710 = CARTESIAN_POINT ( 'NONE',  ( -1.250000000000000222, 0.9237604307033958628, -0.06544984642750298343 ) ) ;
#1711 = CARTESIAN_POINT ( 'NONE',  ( -1.232666443516413635, 1.852162767915636055, -0.4909454208186630475 ) ) ;
#1712 = CARTESIAN_POINT ( 'NONE',  ( 1.096982411943257185, 1.724740828860077846, -0.1177329052112197350 ) ) ;
#1713 = DIRECTION ( 'NONE',  ( -1.000000000000000000, 0.000000000000000000, 0.000000000000000000 ) ) ;
#1714 = CARTESIAN_POINT ( 'NONE',  ( -1.916930865629944858, 1.893720492412407141, 1.152367701065073025 ) ) ;
#1715 = CARTESIAN_POINT ( 'NONE',  ( -1.096982411943575375, 1.724740828859917530, -0.1177329052122879638 ) ) ;
#1716 = EDGE_LOOP ( 'NONE', ( #1717, #23, #1821, #2547 ) ) ;
#1717 = ORIENTED_EDGE ( 'NONE', *, *, #1802, .T. ) ;
#1718 = CARTESIAN_POINT ( 'NONE',  ( 2.077614770644702347, 1.495248937421257418, 0.000000000000000000 ) ) ;
#1719 =( BOUNDED_SURFACE ( )  B_SPLINE_SURFACE ( 3, 2, ( 
 ( #804, #202, #591 ),
 ( #1432, #1030, #2268 ),
 ( #1871, #383, #2701 ),
 ( #819, #837, #1661 ),
 ( #2094, #1076, #874 ),
 ( #1707, #1913, #17 ),
 ( #234, #1012, #1823 ),
 ( #1629, #800, #2478 ),
 ( #1042, #633, #2089 ),
 ( #572, #834, #409 ),
 ( #1853, #377, #2523 ),
 ( #2307, #1883, #1614 ),
 ( #2060, #815, #1443 ),
 ( #1475, #1230, #1659 ),
 ( #2494, #2463, #1837 ),
 ( #785, #2075, #1643 ),
 ( #2668, #2263, #154 ),
 ( #197, #1411, #587 ),
 ( #178, #618, #2045 ),
 ( #605, #848, #1026 ) ),
 .UNSPECIFIED., .F., .F., .T. ) 
 B_SPLINE_SURFACE_WITH_KNOTS ( ( 4, 2, 2, 2, 2, 2, 2, 2, 2, 4 ),
 ( 3, 3 ),
 ( -4.131569218690511747E-15, 0.0001751820742259286711, 0.0003503641484559889114, 0.0007007282969161093920, 0.001051092445376229818, 0.001401456593836350245, 0.001751820742296470671, 0.002102184890756591314, 0.002452549039216711524, 0.002802913187676832167 ),
 ( 0.000000000000000000, 1.000000000000000000 ),
 .UNSPECIFIED. ) 
 GEOMETRIC_REPRESENTATION_ITEM ( )  RATIONAL_B_SPLINE_SURFACE ( (
 ( 1.000000000000000000, 0.9986698507589344409, 1.000000000000000000),
 ( 1.000000000000000000, 0.9981231947330165832, 1.000000000000000000),
 ( 1.000000000000000000, 0.9974179465188701688, 1.000000000000000000),
 ( 1.000000000000000000, 0.9957754186593477108, 1.000000000000000000),
 ( 1.000000000000000000, 0.9948372628719958088, 1.000000000000000000),
 ( 1.000000000000000000, 0.9916669234316305426, 1.000000000000000000),
 ( 1.000000000000000000, 0.9891629486185345987, 1.000000000000000000),
 ( 1.000000000000000000, 0.9827038388460410667, 1.000000000000000000),
 ( 1.000000000000000000, 0.9787948174900024112, 1.000000000000000000),
 ( 1.000000000000000000, 0.9703205270219862344, 1.000000000000000000),
 ( 1.000000000000000000, 0.9655716019304078079, 1.000000000000000000),
 ( 1.000000000000000000, 0.9547227846145774910, 1.000000000000000000),
 ( 1.000000000000000000, 0.9480716072090665802, 1.000000000000000000),
 ( 1.000000000000000000, 0.9359982326528951679, 1.000000000000000000),
 ( 1.000000000000000000, 0.9303221682019325867, 1.000000000000000000),
 ( 1.000000000000000000, 0.9224248884553959416, 1.000000000000000000),
 ( 1.000000000000000000, 0.9197844011473632619, 1.000000000000000000),
 ( 1.000000000000000000, 0.9228990575810218644, 1.000000000000000000),
 ( 1.000000000000000000, 0.9284269138657514908, 1.000000000000000000),
 ( 1.000000000000000000, 0.9394242159561584371, 1.000000000000000000) ) ) 
 REPRESENTATION_ITEM ( '' )  SURFACE ( )  );
#1720 = CARTESIAN_POINT ( 'NONE',  ( 2.220114161744990433, 2.585237644604849727, -0.2357573310409537271 ) ) ;
#1721 = CARTESIAN_POINT ( 'NONE',  ( -1.084388449807808907, 1.873977410574007241, -0.5022548418046894891 ) ) ;
#1722 = CARTESIAN_POINT ( 'NONE',  ( 2.249999999999999556, 2.801304834897995644, 2.710505431213761085E-17 ) ) ;
#1723 = ORIENTED_EDGE ( 'NONE', *, *, #463, .T. ) ;
#1724 = CARTESIAN_POINT ( 'NONE',  ( -2.218504077828223675, 2.813689591016861336, 0.4009142885391389077 ) ) ;
#1725 = CARTESIAN_POINT ( 'NONE',  ( -2.500000000000000444, -1.734723475976807094E-15, 0.000000000000000000 ) ) ;
#1726 = ORIENTED_EDGE ( 'NONE', *, *, #1278, .F. ) ;
#1727 = CARTESIAN_POINT ( 'NONE',  ( 0.9257705226148766897, 1.855170880945356648, -0.09999999999953890217 ) ) ;
#1728 = CARTESIAN_POINT ( 'NONE',  ( 1.770955406143489785, 2.108208353325226270, 0.6726904432938495271 ) ) ;
#1729 = CARTESIAN_POINT ( 'NONE',  ( 2.250000000000000000, 5.500000000000000888, 0.1000000000000000472 ) ) ;
#1730 = CARTESIAN_POINT ( 'NONE',  ( -1.041289671169369546, 1.817742933214706369, 0.1328942522287600847 ) ) ;
#1731 = STYLED_ITEM ( 'NONE', ( #1327 ), #1906 ) ;
#1732 = AXIS2_PLACEMENT_3D ( 'NONE', #1393, #372, #844 ) ;
#1733 = ADVANCED_FACE ( 'NONE', ( #2374 ), #459, .T. ) ;
#1734 = STYLED_ITEM ( 'NONE', ( #470 ), #982 ) ;
#1735 = CARTESIAN_POINT ( 'NONE',  ( -0.9404626183692745833, 1.871137641489877712, 0.3416884472155033436 ) ) ;
#1736 = CARTESIAN_POINT ( 'NONE',  ( -2.054639372016451304, 2.877515894106896788, -0.8192575243751516467 ) ) ;
#1737 = EDGE_CURVE ( 'NONE', #944, #1676, #452, .T. ) ;
#1738 = ORIENTED_EDGE ( 'NONE', *, *, #477, .T. ) ;
#1739 = CARTESIAN_POINT ( 'NONE',  ( 1.696127815876268263, 0.9237604307033963069, 0.1959039938370448208 ) ) ;
#1740 = CARTESIAN_POINT ( 'NONE',  ( 1.627699779900219079, 2.027065996873571585, 0.6862048845541033337 ) ) ;
#1741 = FILL_AREA_STYLE ('',( #1977 ) ) ;
#1742 = EDGE_CURVE ( 'NONE', #583, #807, #242, .T. ) ;
#1743 = DIRECTION ( 'NONE',  ( 0.2167599179982973578, 0.02927112694626909581, 0.9757860109043717811 ) ) ;
#1744 = DIRECTION ( 'NONE',  ( 0.000000000000000000, 0.000000000000000000, 1.000000000000000000 ) ) ;
#1745 = ORIENTED_EDGE ( 'NONE', *, *, #2278, .F. ) ;
#1746 = CARTESIAN_POINT ( 'NONE',  ( 2.245176429993595235, 2.686470453411624160, 0.07582886964842926181 ) ) ;
#1747 = CARTESIAN_POINT ( 'NONE',  ( 1.527469875352043260, 2.436657572776705027, 1.417132019828882150 ) ) ;
#1748 = CARTESIAN_POINT ( 'NONE',  ( 1.295983361691202207, 1.807610384529080516, 0.4881065764488988212 ) ) ;
#1749 = AXIS2_PLACEMENT_3D ( 'NONE', #1126, #1954, #926 ) ;
#1750 = VERTEX_POINT ( 'NONE', #1515 ) ;
#1751 = EDGE_LOOP ( 'NONE', ( #114, #1375, #299, #37 ) ) ;
#1752 = CARTESIAN_POINT ( 'NONE',  ( 2.249999999999999112, 2.142570782904941851, 0.000000000000000000 ) ) ;
#1753 = B_SPLINE_CURVE_WITH_KNOTS ( 'NONE', 3,
 ( #1288, #22, #1919, #899, #878, #1274, #30, #671, #1321, #258, #1510, #480, #1699, #2345, #659, #458, #2112, #1484 ),
 .UNSPECIFIED., .F., .F.,
 ( 4, 2, 2, 2, 2, 2, 2, 2, 4 ),
 ( 5.762674787573918777E-17, 0.0002748497099364936771, 0.0005496994198729296746, 0.0008245491298093656721, 0.001099398839745801670, 0.001649098259618674532, 0.001923947969555111180, 0.002061372824523329504, 0.002198797679491548262 ),
 .UNSPECIFIED. ) ;
#1754 = CARTESIAN_POINT ( 'NONE',  ( 2.240661371022922843, 2.656898020107051561, 0.1170968967006154743 ) ) ;
#1755 = CARTESIAN_POINT ( 'NONE',  ( 2.500000000000000444, -6.999999999999999112, 0.000000000000000000 ) ) ;
#1756 = EDGE_CURVE ( 'NONE', #1884, #2180, #728, .T. ) ;
#1757 = CARTESIAN_POINT ( 'NONE',  ( 2.249999999697030795, 2.766250719404045544, -0.02949218981980526733 ) ) ;
#1758 = CARTESIAN_POINT ( 'NONE',  ( 0.9429219852900330157, 2.075182044296422834, -0.8527041159446075991 ) ) ;
#1759 = CARTESIAN_POINT ( 'NONE',  ( -1.096982411943612679, 1.724740828859849806, 0.1177329052122600000 ) ) ;
#1760 = CIRCLE ( 'NONE', #1630, 0.04999999999999883010 ) ;
#1761 = PLANE ( 'NONE',  #1511 ) ;
#1762 = LINE ( 'NONE', #105, #902 ) ;
#1763 = ORIENTED_EDGE ( 'NONE', *, *, #2546, .F. ) ;
#1764 = CARTESIAN_POINT ( 'NONE',  ( 2.249999999999999112, 2.142570782904941851, 0.1630739033063970111 ) ) ;
#1765 = ORIENTED_EDGE ( 'NONE', *, *, #889, .T. ) ;
#1766 = VERTEX_POINT ( 'NONE', #2 ) ;
#1767 = CARTESIAN_POINT ( 'NONE',  ( 1.750000000000000888, 0.9237604307033958628, 0.06544984642750296955 ) ) ;
#1768 = CARTESIAN_POINT ( 'NONE',  ( 2.208833764939765132, 2.557567349590379013, 0.2739191502366055686 ) ) ;
#1769 = DIRECTION ( 'NONE',  ( 0.000000000000000000, 0.000000000000000000, 1.000000000000000000 ) ) ;
#1770 = CIRCLE ( 'NONE', #588, 0.3000000000000000444 ) ;
#1771 = CARTESIAN_POINT ( 'NONE',  ( -1.340178567803194998, 1.266657263374026954, -0.3420052851429720153 ) ) ;
#1772 = CARTESIAN_POINT ( 'NONE',  ( 2.171212956649976711, 2.832208004397100076, -0.5662956288411554739 ) ) ;
#1773 = CARTESIAN_POINT ( 'NONE',  ( -1.096982411943575375, 1.724740828859917530, -0.1177329052122879638 ) ) ;
#1774 = ORIENTED_EDGE ( 'NONE', *, *, #557, .T. ) ;
#1775 = CIRCLE ( 'NONE', #770, 0.5500000000000001554 ) ;
#1776 = AXIS2_PLACEMENT_3D ( 'NONE', #1046, #1446, #1648 ) ;
#1777 = CARTESIAN_POINT ( 'NONE',  ( -1.518745503220714665, 2.030256654830694174, 0.7620996093450841391 ) ) ;
#1778 = CARTESIAN_POINT ( 'NONE',  ( 0.9299882062259033910, 2.534929708684873439, 1.296908504224189906 ) ) ;
#1779 = ORIENTED_EDGE ( 'NONE', *, *, #60, .T. ) ;
#1780 = CARTESIAN_POINT ( 'NONE',  ( 1.750000000000000888, 0.9237604307033958628, 0.06544984642750296955 ) ) ;
#1781 = AXIS2_PLACEMENT_3D ( 'NONE', #1406, #1199, #993 ) ;
#1782 = ORIENTED_EDGE ( 'NONE', *, *, #1961, .T. ) ;
#1783 = ORIENTED_EDGE ( 'NONE', *, *, #1369, .T. ) ;
#1784 = CARTESIAN_POINT ( 'NONE',  ( 2.249999999999999556, 2.799397482209302623, -0.002008913551475031631 ) ) ;
#1785 = CARTESIAN_POINT ( 'NONE',  ( -1.081241156978708817, 1.736973581301874514, -0.07001649453755180719 ) ) ;
#1786 = CARTESIAN_POINT ( 'NONE',  ( 2.249999999999999556, 2.801304834897995644, 2.710505431213761085E-17 ) ) ;
#1787 = CARTESIAN_POINT ( 'NONE',  ( -0.8499999999999997558, 5.500000000000000888, 0.1000000000000000472 ) ) ;
#1788 = CARTESIAN_POINT ( 'NONE',  ( 1.859150133784394976, 2.952282563204299493, -1.074843829348724578 ) ) ;
#1789 = B_SPLINE_CURVE_WITH_KNOTS ( 'NONE', 3,
 ( #2299, #2107, #2483, #184, #1248, #2327, #1283 ),
 .UNSPECIFIED., .F., .F.,
 ( 4, 3, 4 ),
 ( 0.000000000000000000, 0.0001300642904022500108, 0.0001383747387313068395 ),
 .UNSPECIFIED. ) ;
#1790 = EDGE_CURVE ( 'NONE', #1612, #355, #824, .T. ) ;
#1791 = CARTESIAN_POINT ( 'NONE',  ( -1.137380990366354094, 1.888586324696002183, 0.5655122477871720177 ) ) ;
#1792 = CARTESIAN_POINT ( 'NONE',  ( 0.9405178795088789956, 2.259121266541114448, 1.074843828373391874 ) ) ;
#1793 = ORIENTED_EDGE ( 'NONE', *, *, #1737, .T. ) ;
#1794 = CARTESIAN_POINT ( 'NONE',  ( -2.249999999999999556, 2.769498556090599362, 0.03350096048463076931 ) ) ;
#1795 = CARTESIAN_POINT ( 'NONE',  ( 1.081241156978523632, 1.736973581302043934, -0.07001649453697533776 ) ) ;
#1796 = AXIS2_PLACEMENT_3D ( 'NONE', #406, #1241, #1202 ) ;
#1797 = CARTESIAN_POINT ( 'NONE',  ( 2.250000001003869876, 2.766250719509018907, 0.02949218973586112749 ) ) ;
#1798 = LINE ( 'NONE', #803, #829 ) ;
#1799 = CARTESIAN_POINT ( 'NONE',  ( -1.303872184123732847, 0.9237604307033966400, 0.1959039938370446821 ) ) ;
#1800 = CARTESIAN_POINT ( 'NONE',  ( 2.034897500849656815, 2.885123123679923296, -0.8527041171118600049 ) ) ;
#1801 = DIRECTION ( 'NONE',  ( 1.000000000000000000, 0.000000000000000000, 0.000000000000000000 ) ) ;
#1802 = EDGE_CURVE ( 'NONE', #1968, #2146, #1897, .T. ) ;
#1803 = CARTESIAN_POINT ( 'NONE',  ( -0.9256378197163876997, 2.612459299534312329, 1.340317653046732005 ) ) ;
#1804 = VECTOR ( 'NONE', #282, 1000.000000000000000 ) ;
#1805 = DIRECTION ( 'NONE',  ( -0.000000000000000000, -0.000000000000000000, 1.000000000000000000 ) ) ;
#1806 = CARTESIAN_POINT ( 'NONE',  ( -2.249999999999999556, 2.801304834897994755, 3.904836233082957946E-19 ) ) ;
#1807 = CARTESIAN_POINT ( 'NONE',  ( -1.096982411943575375, 1.724740828859917530, -0.1177329052122879638 ) ) ;
#1808 = CIRCLE ( 'NONE', #1260, 0.2500000000000003886 ) ;
#1809 = CARTESIAN_POINT ( 'NONE',  ( 0.9399549444208934457, 1.851779477781482663, 0.1564256359761952986 ) ) ;
#1810 = LINE ( 'NONE', #974, #2316 ) ;
#1811 = CARTESIAN_POINT ( 'NONE',  ( -1.750000000000000888, 0.9237604307033958628, -0.06544984642750291404 ) ) ;
#1812 = CARTESIAN_POINT ( 'NONE',  ( 2.230296286274676909, 2.809055843983000678, -0.3416884473357899021 ) ) ;
#1813 = ORIENTED_EDGE ( 'NONE', *, *, #268, .T. ) ;
#1814 = CARTESIAN_POINT ( 'NONE',  ( -2.077614770644702347, 1.495248937421257418, -0.1142618748669499834 ) ) ;
#1815 = CARTESIAN_POINT ( 'NONE',  ( -2.236389771567592444, 2.641124589312443316, 0.1651902349193066222 ) ) ;
#1816 = CARTESIAN_POINT ( 'NONE',  ( 0.9404626183692675889, 1.871137641489664993, 0.3416884472143429385 ) ) ;
#1817 = ADVANCED_FACE ( 'NONE', ( #1930 ), #1073, .F. ) ;
#1818 = DIRECTION ( 'NONE',  ( 0.000000000000000000, 0.000000000000000000, 1.000000000000000000 ) ) ;
#1819 =( BOUNDED_SURFACE ( )  B_SPLINE_SURFACE ( 3, 2, ( 
 ( #185, #1250, #562 ),
 ( #1872, #1222, #170 ),
 ( #838, #1662, #2095 ),
 ( #625, #610, #203 ),
 ( #1858, #1195, #2702 ),
 ( #820, #1649, #2500 ) ),
 .UNSPECIFIED., .F., .F., .F. ) 
 B_SPLINE_SURFACE_WITH_KNOTS ( ( 4, 2, 4 ),
 ( 3, 3 ),
 ( -4.404571325722361763E-19, 9.999999999999955756E-05, 0.0001999999999999995488 ),
 ( 0.000000000000000000, 1.000000000000000000 ),
 .UNSPECIFIED. ) 
 GEOMETRIC_REPRESENTATION_ITEM ( )  RATIONAL_B_SPLINE_SURFACE ( (
 ( 1.000000000000000000, 0.9442211217125471290, 1.000000000000000000),
 ( 1.000000000000000000, 0.9477204086899120306, 1.000000000000000000),
 ( 1.000000000000000000, 0.9502639002329000828, 1.000000000000000000),
 ( 1.000000000000000000, 0.9502639002328778783, 1.000000000000000000),
 ( 1.000000000000000000, 0.9477204086899548852, 1.000000000000000000),
 ( 1.000000000000000000, 0.9442211217123660516, 1.000000000000000000) ) ) 
 REPRESENTATION_ITEM ( '' )  SURFACE ( )  );
#1820 = AXIS2_PLACEMENT_3D ( 'NONE', #1852, #833, #1490 ) ;
#1821 = ORIENTED_EDGE ( 'NONE', *, *, #2439, .T. ) ;
#1822 = CARTESIAN_POINT ( 'NONE',  ( 1.091574913785338330, 1.728220999492902532, -0.1019431800544078059 ) ) ;
#1823 = CARTESIAN_POINT ( 'NONE',  ( -2.130864579079513543, 2.361321615242914618, 0.3991120699355252821 ) ) ;
#1824 = CARTESIAN_POINT ( 'NONE',  ( 1.145595179552240772, 1.890987090177253416, 0.5738463733662324540 ) ) ;
#1825 = DIRECTION ( 'NONE',  ( 0.000000000000000000, -1.000000000000000000, -0.000000000000000000 ) ) ;
#1826 = CARTESIAN_POINT ( 'NONE',  ( -2.108804513907164502, 2.698840561687890105, 0.6342078677548269594 ) ) ;
#1827 = CARTESIAN_POINT ( 'NONE',  ( -2.245176429993597900, 2.686470453411618386, 0.07582886964839241628 ) ) ;
#1828 = ORIENTED_EDGE ( 'NONE', *, *, #2723, .F. ) ;
#1829 = CARTESIAN_POINT ( 'NONE',  ( 2.241997883330928421, 2.670046944787714427, -0.1304149797673800903 ) ) ;
#1830 = B_SPLINE_CURVE_WITH_KNOTS ( 'NONE', 3,
 ( #1983, #90, #2412, #1803, #337, #1376, #326, #535, #2648, #726 ),
 .UNSPECIFIED., .F., .F.,
 ( 4, 2, 2, 2, 4 ),
 ( -7.656060175036612483E-06, 0.0005437690472251515686, 0.001095194154625339731, 0.001646619262025527785, 0.002198044369425716273 ),
 .UNSPECIFIED. ) ;
#1831 = LINE ( 'NONE', #2676, #2096 ) ;
#1832 = CARTESIAN_POINT ( 'NONE',  ( 0.9425748616873346197, 1.999037805618013142, 0.7169891041628062567 ) ) ;
#1833 = ORIENTED_EDGE ( 'NONE', *, *, #541, .T. ) ;
#1834 = AXIS2_PLACEMENT_3D ( 'NONE', #2152, #1314, #890 ) ;
#1835 = DIRECTION ( 'NONE',  ( 0.000000000000000000, 1.000000000000000000, 0.000000000000000000 ) ) ;
#1836 = CARTESIAN_POINT ( 'NONE',  ( 1.015943474439203298, 1.826464154395523343, 0.05573045993236068474 ) ) ;
#1837 = CARTESIAN_POINT ( 'NONE',  ( -1.401294556231218680, 1.793959856774358652, 0.5598952905638743260 ) ) ;
#1838 = ORIENTED_EDGE ( 'NONE', *, *, #1173, .T. ) ;
#1839 = CARTESIAN_POINT ( 'NONE',  ( 1.102438150595470789, 1.816434470741056684, 0.2934112718796726416 ) ) ;
#1840 = LINE ( 'NONE', #988, #869 ) ;
#1841 = DIRECTION ( 'NONE',  ( 0.2167599180035928441, -0.02927112694815594413, 0.9757860109031389895 ) ) ;
#1842 = CARTESIAN_POINT ( 'NONE',  ( -1.124227636552778353, 1.707206193020724738, 0.1972878309032579103 ) ) ;
#1843 =( NAMED_UNIT ( * ) SI_UNIT ( $, .STERADIAN. ) SOLID_ANGLE_UNIT ( ) );
#1844 = CIRCLE ( 'NONE', #921, 0.2500000000000003886 ) ;
#1845 = EDGE_CURVE ( 'NONE', #660, #570, #179, .T. ) ;
#1846 = CARTESIAN_POINT ( 'NONE',  ( 2.216851124735546019, 2.562783980327796751, -0.2196122429459299585 ) ) ;
#1847 = CARTESIAN_POINT ( 'NONE',  ( -2.218504077828469256, 2.813689591016768521, -0.4009142885380306831 ) ) ;
#1848 = CARTESIAN_POINT ( 'NONE',  ( 2.141969906256013800, 1.576207665129941704, 0.7594607164864078941 ) ) ;
#1849 = EDGE_LOOP ( 'NONE', ( #2611, #1962, #2036, #429 ) ) ;
#1850 = CARTESIAN_POINT ( 'NONE',  ( 1.430334596016050730, 1.808621375730717906, 0.5782120575218392400 ) ) ;
#1851 = LINE ( 'NONE', #2694, #1501 ) ;
#1852 = CARTESIAN_POINT ( 'NONE',  ( 1.500000000000000666, 0.9237604307033958628, 0.000000000000000000 ) ) ;
#1853 = CARTESIAN_POINT ( 'NONE',  ( -1.766167392822570292, 2.153883353184112170, 0.7398953037240879604 ) ) ;
#1854 = VECTOR ( 'NONE', #967, 1000.000000000000000 ) ;
#1855 = CARTESIAN_POINT ( 'NONE',  ( 1.124197007830095130, 1.707225980503249252, 0.1971986304355200781 ) ) ;
#1856 = CARTESIAN_POINT ( 'NONE',  ( 2.245176429993605449, 2.686470453411701431, -0.07582886964833691901 ) ) ;
#1857 = CARTESIAN_POINT ( 'NONE',  ( -2.245426812625948898, 2.705777557613741724, -0.09999999999999857614 ) ) ;
#1858 = CARTESIAN_POINT ( 'NONE',  ( -1.073727544442714343, 1.743893591449334757, 0.04674785612249857114 ) ) ;
#1859 = CARTESIAN_POINT ( 'NONE',  ( -1.041289671169371767, 1.817742933214705481, -0.1328942522287603900 ) ) ;
#1860 = DIRECTION ( 'NONE',  ( 0.000000000000000000, 0.000000000000000000, 1.000000000000000000 ) ) ;
#1861 = CARTESIAN_POINT ( 'NONE',  ( -2.180505923057414641, 1.521684076891915094, -0.6440639338018896431 ) ) ;
#1862 = PRODUCT_DEFINITION ( 'UNKNOWN', '', #523, #2148 ) ;
#1863 = CARTESIAN_POINT ( 'NONE',  ( 2.171212956649976711, 2.832208004397100076, 0.5662956288411552519 ) ) ;
#1864 = FACE_OUTER_BOUND ( 'NONE', #2385, .T. ) ;
#1865 = CARTESIAN_POINT ( 'NONE',  ( 2.500000000000000444, -1.734723475976807094E-15, 0.000000000000000000 ) ) ;
#1866 = CARTESIAN_POINT ( 'NONE',  ( 1.750000000000000888, 0.9237604307033958628, 2.710505431213761085E-17 ) ) ;
#1867 = TOROIDAL_SURFACE ( 'NONE', #1117, 0.2999999999999999334, 0.2500000000000003886 ) ;
#1868 = AXIS2_PLACEMENT_3D ( 'NONE', #442, #1841, #2685 ) ;
#1869 = CARTESIAN_POINT ( 'NONE',  ( -0.9423401297368582119, 1.975302511470219402, 0.6686788553818453495 ) ) ;
#1870 = CARTESIAN_POINT ( 'NONE',  ( 2.249809434320912960, 2.758655716979907524, 0.02836436067951837031 ) ) ;
#1871 = CARTESIAN_POINT ( 'NONE',  ( -2.236269307871093126, 2.640475491829655130, 0.1659365873645805567 ) ) ;
#1872 = CARTESIAN_POINT ( 'NONE',  ( -1.073727544454947225, 1.743893591429523937, -0.04674785611276868064 ) ) ;
#1873 = CARTESIAN_POINT ( 'NONE',  ( -0.9297228472092693430, 1.853903239892229271, -0.1189148168917891768 ) ) ;
#1874 = ORIENTED_EDGE ( 'NONE', *, *, #2522, .T. ) ;
#1875 = CARTESIAN_POINT ( 'NONE',  ( -2.500000000000000444, -6.999999999999999112, 0.000000000000000000 ) ) ;
#1876 = CARTESIAN_POINT ( 'NONE',  ( -1.041289671169697506, 1.817742933214204104, -0.1328942522288096006 ) ) ;
#1877 = CARTESIAN_POINT ( 'NONE',  ( -2.188981159985407654, 2.825258254795486312, -0.5128949906254997027 ) ) ;
#1878 = DIRECTION ( 'NONE',  ( 0.000000000000000000, 0.000000000000000000, 1.000000000000000000 ) ) ;
#1879 = EDGE_CURVE ( 'NONE', #553, #1341, #2291, .T. ) ;
#1880 = CARTESIAN_POINT ( 'NONE',  ( 0.9257705226149720579, 1.855170880945327339, 0.1000000000000000472 ) ) ;
#1881 = EDGE_CURVE ( 'NONE', #1640, #1133, #1775, .T. ) ;
#1882 = CARTESIAN_POINT ( 'NONE',  ( -1.603906818008066226, 2.069772130518491071, -0.7668547454911192052 ) ) ;
#1883 = CARTESIAN_POINT ( 'NONE',  ( -1.627699779903091670, 2.027065996875214715, 0.6862048845542226827 ) ) ;
#1884 = VERTEX_POINT ( 'NONE', #309 ) ;
#1885 = DIRECTION ( 'NONE',  ( 1.000000000000000000, 0.000000000000000000, 0.000000000000000000 ) ) ;
#1886 = DIRECTION ( 'NONE',  ( 0.1530338941893881199, -0.04908302497975164380, 0.9870012583011577023 ) ) ;
#1887 = CARTESIAN_POINT ( 'NONE',  ( 1.662619979072280874, 1.948476320574553444, -0.6480704375241016502 ) ) ;
#1888 = EDGE_LOOP ( 'NONE', ( #2040, #373, #2132, #2674 ) ) ;
#1889 = CARTESIAN_POINT ( 'NONE',  ( 2.500000000000000444, -1.734723475976807094E-15, 0.000000000000000000 ) ) ;
#1890 = CARTESIAN_POINT ( 'NONE',  ( -1.144568691503298430, 1.890691966497128673, -0.5727733997348021244 ) ) ;
#1891 = CIRCLE ( 'NONE', #2371, 0.2500000000000003886 ) ;
#1892 = CARTESIAN_POINT ( 'NONE',  ( -2.234854654020194342, 1.444760254492290841, -0.3860869650618105053 ) ) ;
#1893 = CARTESIAN_POINT ( 'NONE',  ( 1.074046378606361429, 1.743599883116825566, -0.04773488919025538346 ) ) ;
#1894 = CYLINDRICAL_SURFACE ( 'NONE', #666, 0.2500000000000004996 ) ;
#1895 = EDGE_CURVE ( 'NONE', #2329, #2537, #986, .T. ) ;
#1896 = CARTESIAN_POINT ( 'NONE',  ( -2.209478057252495908, 2.559054231437295712, -0.2718659252610959864 ) ) ;
#1897 = LINE ( 'NONE', #2103, #1427 ) ;
#1898 = DIRECTION ( 'NONE',  ( 0.000000000000000000, 1.000000000000000000, -0.000000000000000000 ) ) ;
#1899 = CARTESIAN_POINT ( 'NONE',  ( 2.349999999999998757, 0.2598076211353319009, 0.000000000000000000 ) ) ;
#1900 = CIRCLE ( 'NONE', #2604, 0.2500000000000003886 ) ;
#1901 = CARTESIAN_POINT ( 'NONE',  ( 1.232666443516007515, 1.852162767915435326, -0.4909454208182273405 ) ) ;
#1902 = CARTESIAN_POINT ( 'NONE',  ( 2.182357440390016556, 2.445771539660401395, 0.3047156177205597172 ) ) ;
#1903 = CARTESIAN_POINT ( 'NONE',  ( 1.519760268871995779, 2.030686556688907185, -0.7623513502531837904 ) ) ;
#1904 = CARTESIAN_POINT ( 'NONE',  ( -2.218964711076869989, 2.540799819631042400, -0.2026865759975096937 ) ) ;
#1905 = CARTESIAN_POINT ( 'NONE',  ( 0.9399549444228517681, 1.851779477781481553, -0.1564256359766395543 ) ) ;
#1906 = MANIFOLD_SOLID_BREP ( 'Split1', #76 ) ;
#1907 = CARTESIAN_POINT ( 'NONE',  ( 1.249999999999999334, 2.801304834897994755, -0.1000000000000000472 ) ) ;
#1908 = EDGE_CURVE ( 'NONE', #1281, #2120, #1762, .T. ) ;
#1909 = DIRECTION ( 'NONE',  ( -1.000000000000000000, 0.000000000000000000, 0.000000000000000000 ) ) ;
#1910 = CARTESIAN_POINT ( 'NONE',  ( -2.151808711870649482, 2.393001565320695967, -0.3645881168640204839 ) ) ;
#1911 = CARTESIAN_POINT ( 'NONE',  ( -2.249812782852323334, 2.765725761750253309, 0.03746180991114316655 ) ) ;
#1912 = AXIS2_PLACEMENT_3D ( 'NONE', #1725, #1293, #1923 ) ;
#1913 = CARTESIAN_POINT ( 'NONE',  ( -2.163064267298178578, 2.449777256427718708, 0.3581253346732099496 ) ) ;
#1914 = CARTESIAN_POINT ( 'NONE',  ( 1.157193460927981032, 1.705494201827093326, -0.2744903576446171001 ) ) ;
#1915 = ORIENTED_EDGE ( 'NONE', *, *, #2231, .F. ) ;
#1916 = AXIS2_PLACEMENT_3D ( 'NONE', #193, #552, #2071 ) ;
#1917 = CARTESIAN_POINT ( 'NONE',  ( -1.594961240310076800, 2.325949196461034152, 0.8977790601984482199 ) ) ;
#1918 = CARTESIAN_POINT ( 'NONE',  ( -1.986739737255532212, 2.195958887898745271, -0.5485624053953217505 ) ) ;
#1919 = CARTESIAN_POINT ( 'NONE',  ( 0.9894477074282527207, 1.852989146528763786, 0.3344010634984126984 ) ) ;
#1920 = AXIS2_PLACEMENT_3D ( 'NONE', #2642, #1431, #345 ) ;
#1921 = CARTESIAN_POINT ( 'NONE',  ( 0.8499999999999996447, 3.317712699598606374, -1.500000000000000000 ) ) ;
#1922 = CARTESIAN_POINT ( 'NONE',  ( -1.871038903016279065, 1.958247283471785227, 1.200852315173485119 ) ) ;
#1923 = DIRECTION ( 'NONE',  ( 0.000000000000000000, 0.000000000000000000, 1.000000000000000000 ) ) ;
#1924 = ORIENTED_EDGE ( 'NONE', *, *, #204, .F. ) ;
#1925 = CARTESIAN_POINT ( 'NONE',  ( 1.696127815876268485, 0.9237604307033957518, -0.1959039938370445710 ) ) ;
#1926 = CARTESIAN_POINT ( 'NONE',  ( 1.355093874634128781, 1.961927553586564121, -0.7169617146379430039 ) ) ;
#1927 = CARTESIAN_POINT ( 'NONE',  ( -1.865086422586373693, 2.091142120110367486, -0.6139934949352802152 ) ) ;
#1928 = DIRECTION ( 'NONE',  ( -0.000000000000000000, -0.000000000000000000, 1.000000000000000000 ) ) ;
#1929 = CARTESIAN_POINT ( 'NONE',  ( -2.056385514047049501, 1.697137562846451120, 0.9499810902930153622 ) ) ;
#1930 = FACE_OUTER_BOUND ( 'NONE', #210, .T. ) ;
#1931 = EDGE_LOOP ( 'NONE', ( #2234, #2501, #180, #1155, #1726 ) ) ;
#1932 = ORIENTED_EDGE ( 'NONE', *, *, #1077, .T. ) ;
#1933 = AXIS2_PLACEMENT_3D ( 'NONE', #2582, #685, #260 ) ;
#1934 = ORIENTED_EDGE ( 'NONE', *, *, #2430, .T. ) ;
#1935 = DIRECTION ( 'NONE',  ( 0.000000000000000000, 0.000000000000000000, 1.000000000000000000 ) ) ;
#1936 = CARTESIAN_POINT ( 'NONE',  ( 1.843055292520228594, 2.153287168902419779, 0.6500666230689174929 ) ) ;
#1937 = EDGE_CURVE ( 'NONE', #444, #1059, #2438, .T. ) ;
#1938 = DIRECTION ( 'NONE',  ( -0.000000000000000000, 0.000000000000000000, -1.000000000000000000 ) ) ;
#1939 = CARTESIAN_POINT ( 'NONE',  ( -0.9344387235402223935, 1.852784554691514263, 0.1377255678379360193 ) ) ;
#1940 = CARTESIAN_POINT ( 'NONE',  ( -2.249812782852324222, 2.765725761750465139, -0.03746180991130712568 ) ) ;
#1941 = ORIENTED_EDGE ( 'NONE', *, *, #477, .F. ) ;
#1942 = ADVANCED_FACE ( 'NONE', ( #1154 ), #739, .T. ) ;
#1943 = EDGE_CURVE ( 'NONE', #296, #2524, #2649, .T. ) ;
#1944 = CARTESIAN_POINT ( 'NONE',  ( -2.107760247393512198, 2.856914659721975891, 0.7169891035797228973 ) ) ;
#1945 = CARTESIAN_POINT ( 'NONE',  ( -1.889720471608147712, 2.940695960824077471, -1.041928159048201019 ) ) ;
#1946 = EDGE_LOOP ( 'NONE', ( #917, #2474, #1534, #2246 ) ) ;
#1947 = CARTESIAN_POINT ( 'NONE',  ( 1.663807385322351395, 1.367744102041722032, 0.4841335630863352057 ) ) ;
#1948 = ADVANCED_FACE ( 'NONE', ( #525 ), #2386, .T. ) ;
#1949 = ADVANCED_FACE ( 'NONE', ( #796 ), #2086, .T. ) ;
#1950 = CARTESIAN_POINT ( 'NONE',  ( 2.236269307870044631, 2.640475491825013510, 0.1659365873701998950 ) ) ;
#1951 = CARTESIAN_POINT ( 'NONE',  ( 0.8499999999999998668, 4.100000000000000533, 0.1000000000000000472 ) ) ;
#1952 = EDGE_CURVE ( 'NONE', #379, #2453, #52, .T. ) ;
#1953 = DIRECTION ( 'NONE',  ( 1.000000000000000000, -0.000000000000000000, -0.000000000000000000 ) ) ;
#1954 = DIRECTION ( 'NONE',  ( -0.1530338941893976956, -0.04908302497975406548, 0.9870012583011560370 ) ) ;
#1955 = CIRCLE ( 'NONE', #645, 0.04999999999999948236 ) ;
#1956 = ORIENTED_EDGE ( 'NONE', *, *, #1881, .T. ) ;
#1957 = CIRCLE ( 'NONE', #2358, 0.2500000000000003886 ) ;
#1958 = CARTESIAN_POINT ( 'NONE',  ( -2.249983903323337753, 2.794660800856056948, -0.004420244535616448152 ) ) ;
#1959 = CARTESIAN_POINT ( 'NONE',  ( 1.302957532768618254, 2.741633294208800198, 1.472061297639863042 ) ) ;
#1960 = VERTEX_POINT ( 'NONE', #1452 ) ;
#1961 = EDGE_CURVE ( 'NONE', #2496, #1064, #1702, .T. ) ;
#1962 = ORIENTED_EDGE ( 'NONE', *, *, #86, .T. ) ;
#1963 = DIRECTION ( 'NONE',  ( 0.000000000000000000, -1.000000000000000000, 0.000000000000000000 ) ) ;
#1964 = CARTESIAN_POINT ( 'NONE',  ( 2.500000000000000444, -6.999999999999999112, -0.2500000000000003886 ) ) ;
#1965 = CARTESIAN_POINT ( 'NONE',  ( 1.694132282130005773, 3.014541619068515033, -1.231560434451183905 ) ) ;
#1966 = CARTESIAN_POINT ( 'NONE',  ( 2.249999649238269228, 1.423308087843314418, -0.2452539353351814166 ) ) ;
#1967 = DIRECTION ( 'NONE',  ( 1.000000000000000000, 0.000000000000000000, 0.000000000000000000 ) ) ;
#1968 = VERTEX_POINT ( 'NONE', #338 ) ;
#1969 = ORIENTED_EDGE ( 'NONE', *, *, #792, .F. ) ;
#1970 = CARTESIAN_POINT ( 'NONE',  ( -0.9395695627755821233, 3.208893800044252398, -1.499999977617973546 ) ) ;
#1971 = DIRECTION ( 'NONE',  ( 0.000000000000000000, 0.000000000000000000, 1.000000000000000000 ) ) ;
#1972 = DIRECTION ( 'NONE',  ( 9.637352644315594010E-17, 1.000000000000000000, 0.000000000000000000 ) ) ;
#1973 = CIRCLE ( 'NONE', #2638, 0.2999999999999999334 ) ;
#1974 = ORIENTED_EDGE ( 'NONE', *, *, #214, .F. ) ;
#1975 = CARTESIAN_POINT ( 'NONE',  ( 2.249999999999999556, 2.801304834897995644, -0.2118859317458439973 ) ) ;
#1976 = CARTESIAN_POINT ( 'NONE',  ( 2.124474672767904693, 2.398365200563236321, 0.4236905301544751645 ) ) ;
#1977 = FILL_AREA_STYLE_COLOUR ( '', #692 ) ;
#1978 = CARTESIAN_POINT ( 'NONE',  ( 2.249999999999999556, 2.801304834897983209, 5.371355620070681560E-14 ) ) ;
#1979 = CARTESIAN_POINT ( 'NONE',  ( 2.349999999999999645, 0.2598076211353319009, 0.000000000000000000 ) ) ;
#1980 = DIRECTION ( 'NONE',  ( 0.000000000000000000, 0.000000000000000000, -1.000000000000000000 ) ) ;
#1981 = VECTOR ( 'NONE', #2091, 1000.000000000000000 ) ;
#1982 = B_SPLINE_CURVE_WITH_KNOTS ( 'NONE', 3,
 ( #2579, #2163, #1068, #1113 ),
 .UNSPECIFIED., .F., .F.,
 ( 4, 4 ),
 ( 2.710505431213761085E-20, 5.171347201396138881E-05 ),
 .UNSPECIFIED. ) ;
#1983 = CARTESIAN_POINT ( 'NONE',  ( -0.8499999999999996447, 3.317712699598606374, 1.500000000000000000 ) ) ;
#1984 = SURFACE_STYLE_USAGE ( .BOTH. , #2610 ) ;
#1985 = CARTESIAN_POINT ( 'NONE',  ( -0.8499999999999997558, 4.100000000000000533, -0.1000000000000000472 ) ) ;
#1986 = EDGE_LOOP ( 'NONE', ( #737, #152, #1352, #2411, #712 ) ) ;
#1987 = FACE_OUTER_BOUND ( 'NONE', #2656, .T. ) ;
#1988 = LINE ( 'NONE', #2616, #2520 ) ;
#1989 = SURFACE_STYLE_FILL_AREA ( #1741 ) ;
#1990 = DIRECTION ( 'NONE',  ( -1.000000000000000000, 0.000000000000000000, 0.000000000000000000 ) ) ;
#1991 = CARTESIAN_POINT ( 'NONE',  ( 1.466305015389630650, 2.520416353257489916, -1.434636619862575513 ) ) ;
#1992 = SURFACE_SIDE_STYLE ('',( #2253 ) ) ;
#1993 = ORIENTED_EDGE ( 'NONE', *, *, #1063, .F. ) ;
#1994 = CIRCLE ( 'NONE', #1556, 1.399999999999999911 ) ;
#1995 =( BOUNDED_SURFACE ( )  B_SPLINE_SURFACE ( 3, 2, ( 
 ( #1560, #1144, #93 ),
 ( #2627, #2230, #741 ),
 ( #1573, #2403, #1794 ),
 ( #2414, #119, #1806 ) ),
 .UNSPECIFIED., .F., .F., .T. ) 
 B_SPLINE_SURFACE_WITH_KNOTS ( ( 4, 4 ),
 ( 3, 3 ),
 ( -3.903127820947815962E-18, 0.0001595594504925453212 ),
 ( 0.000000000000000000, 1.000000000000000000 ),
 .UNSPECIFIED. ) 
 GEOMETRIC_REPRESENTATION_ITEM ( )  RATIONAL_B_SPLINE_SURFACE ( (
 ( 1.000000000000000000, 0.9986698507589865104, 1.000000000000000000),
 ( 1.000000000000000000, 0.9995571187196681251, 1.000000000000000000),
 ( 1.000000000000000000, 0.9999997706865662028, 1.000000000000000000),
 ( 1.000000000000000000, 1.000000000000000000, 1.000000000000000000) ) ) 
 REPRESENTATION_ITEM ( '' )  SURFACE ( )  );
#1996 = CIRCLE ( 'NONE', #1305, 1.000000000000000000 ) ;
#1997 = CARTESIAN_POINT ( 'NONE',  ( 2.249999999999999556, 2.801304834897995644, 2.710505431213761085E-17 ) ) ;
#1998 = CARTESIAN_POINT ( 'NONE',  ( 1.026476941706545798, 3.100355114464143469, 1.496460917271239754 ) ) ;
#1999 = ORIENTED_EDGE ( 'NONE', *, *, #2426, .F. ) ;
#2000 = FACE_OUTER_BOUND ( 'NONE', #2599, .T. ) ;
#2001 = AXIS2_PLACEMENT_3D ( 'NONE', #1001, #168, #2221 ) ;
#2002 = VERTEX_POINT ( 'NONE', #780 ) ;
#2003 = CARTESIAN_POINT ( 'NONE',  ( 0.9297228472092439189, 1.853903239892237265, 0.1189148168917834869 ) ) ;
#2004 = CARTESIAN_POINT ( 'NONE',  ( 1.096982411944179114, 1.724740828858452257, 0.1177329052107014551 ) ) ;
#2005 = DIRECTION ( 'NONE',  ( -9.637352644315594010E-17, 1.000000000000000000, -0.000000000000000000 ) ) ;
#2006 = CARTESIAN_POINT ( 'NONE',  ( -1.987436202841508237, 1.468830940709419108, -0.3420052851429714602 ) ) ;
#2007 = ADVANCED_FACE ( 'NONE', ( #2489 ), #2213, .T. ) ;
#2008 = CARTESIAN_POINT ( 'NONE',  ( 0.8731522453035750475, 3.154414061637228706, -1.499999999999999778 ) ) ;
#2009 = APPLICATION_PROTOCOL_DEFINITION ( 'draft international standard', 'automotive_design', 1998, #1362 ) ;
#2010 = ORIENTED_EDGE ( 'NONE', *, *, #889, .F. ) ;
#2011 = CARTESIAN_POINT ( 'NONE',  ( -2.169381744258859435, 2.482363633112049328, 0.3795510417309451157 ) ) ;
#2012 = CARTESIAN_POINT ( 'NONE',  ( 2.249999999999999556, 2.801304834897995644, 5.421010862427522170E-17 ) ) ;
#2013 = CARTESIAN_POINT ( 'NONE',  ( 2.248304639831319562, 2.735765498689545439, -0.06882185034461971163 ) ) ;
#2014 = CIRCLE ( 'NONE', #1537, 0.3000000000000000444 ) ;
#2015 = CARTESIAN_POINT ( 'NONE',  ( 2.245176429993597012, 2.686470453411604176, 0.07582886964840389321 ) ) ;
#2016 = DIRECTION ( 'NONE',  ( 0.000000000000000000, 0.000000000000000000, -1.000000000000000000 ) ) ;
#2017 = CARTESIAN_POINT ( 'NONE',  ( -1.750000000000000888, 0.9237604307033958628, 0.06544984642750296955 ) ) ;
#2018 = CARTESIAN_POINT ( 'NONE',  ( 2.141969906256013356, 1.576207665129941704, -0.7594607164864078941 ) ) ;
#2019 = VERTEX_POINT ( 'NONE', #1039 ) ;
#2020 = CARTESIAN_POINT ( 'NONE',  ( 2.234439234324457235, 2.624523404097689028, -0.1511749912565965581 ) ) ;
#2021 = EDGE_CURVE ( 'NONE', #1133, #281, #906, .T. ) ;
#2022 = EDGE_CURVE ( 'NONE', #2146, #1960, #1083, .T. ) ;
#2023 = CARTESIAN_POINT ( 'NONE',  ( -0.9399549444228643136, 1.851779477781937411, 0.1564256359874431068 ) ) ;
#2024 = CIRCLE ( 'NONE', #264, 0.2500000000000003886 ) ;
#2025 = CARTESIAN_POINT ( 'NONE',  ( 0.9429948486641105410, 2.179459498098712533, -1.002188250473039277 ) ) ;
#2026 = ORIENTED_EDGE ( 'NONE', *, *, #1943, .T. ) ;
#2027 = DIRECTION ( 'NONE',  ( 0.8660254037844411501, 0.4999999999999956701, 0.000000000000000000 ) ) ;
#2028 = ORIENTED_EDGE ( 'NONE', *, *, #1756, .T. ) ;
#2029 = CARTESIAN_POINT ( 'NONE',  ( 2.245426812623737334, 2.705777557590696603, -0.1000000000000000472 ) ) ;
#2030 = ADVANCED_FACE ( 'NONE', ( #435 ), #1687, .T. ) ;
#2031 = EDGE_LOOP ( 'NONE', ( #555, #1167, #1924, #791 ) ) ;
#2032 = FACE_OUTER_BOUND ( 'NONE', #2229, .T. ) ;
#2033 = CARTESIAN_POINT ( 'NONE',  ( -0.9401661372553555829, 1.859517016342058238, -0.3404237551698241493 ) ) ;
#2034 = DIRECTION ( 'NONE',  ( 9.637352644315594010E-17, 1.000000000000000000, 0.000000000000000000 ) ) ;
#2035 = DIRECTION ( 'NONE',  ( -0.000000000000000000, -0.000000000000000000, -1.000000000000000000 ) ) ;
#2036 = ORIENTED_EDGE ( 'NONE', *, *, #172, .T. ) ;
#2037 = CARTESIAN_POINT ( 'NONE',  ( 2.236280944504879020, 2.640533905713462914, -0.1658685392269127201 ) ) ;
#2038 = CYLINDRICAL_SURFACE ( 'NONE', #1038, 0.2500000000000003886 ) ;
#2039 = CARTESIAN_POINT ( 'NONE',  ( 1.916930865630737557, 1.893720492411298917, 1.152367701064167749 ) ) ;
#2040 = ORIENTED_EDGE ( 'NONE', *, *, #1063, .T. ) ;
#2041 = DIRECTION ( 'NONE',  ( 1.000000000000000000, 0.000000000000000000, 0.000000000000000000 ) ) ;
#2042 = COLOUR_RGB ( '',0.7921568627450980005, 0.8196078431372548767, 0.9333333333333333481 ) ;
#2043 = ORIENTED_EDGE ( 'NONE', *, *, #966, .F. ) ;
#2044 = CARTESIAN_POINT ( 'NONE',  ( 1.015943474448754769, 1.826464154379508820, -0.05573045992686108396 ) ) ;
#2045 = CARTESIAN_POINT ( 'NONE',  ( -1.124197007830104234, 1.707225980503198848, 0.1971986304354057529 ) ) ;
#2046 = ADVANCED_FACE ( 'NONE', ( #289 ), #2605, .F. ) ;
#2047 = ORIENTED_EDGE ( 'NONE', *, *, #2099, .T. ) ;
#2048 = CARTESIAN_POINT ( 'NONE',  ( -1.026476941706498502, 3.100355114464263373, 1.496460917271216884 ) ) ;
#2049 = DIRECTION ( 'NONE',  ( 0.000000000000000000, 0.000000000000000000, 1.000000000000000000 ) ) ;
#2050 = CARTESIAN_POINT ( 'NONE',  ( -1.180173831851110577, 1.772234812493773681, -0.1630739033063970389 ) ) ;
#2051 = DIRECTION ( 'NONE',  ( 0.000000000000000000, -0.000000000000000000, -1.000000000000000000 ) ) ;
#2052 = ORIENTED_EDGE ( 'NONE', *, *, #1129, .F. ) ;
#2053 = CARTESIAN_POINT ( 'NONE',  ( 1.949997995286733676, 2.917704740325023138, 0.9709143547718278588 ) ) ;
#2054 = CARTESIAN_POINT ( 'NONE',  ( -1.596045986162504926, 3.050966421978348997, -1.296908506068342293 ) ) ;
#2055 = CARTESIAN_POINT ( 'NONE',  ( 0.9400414244746739811, 1.854806483634780845, 0.2221925517562096664 ) ) ;
#2056 = VERTEX_POINT ( 'NONE', #2185 ) ;
#2057 = DIRECTION ( 'NONE',  ( 0.000000000000000000, 0.000000000000000000, -1.000000000000000000 ) ) ;
#2058 = DIRECTION ( 'NONE',  ( -0.000000000000000000, -0.000000000000000000, -1.000000000000000000 ) ) ;
#2059 = EDGE_CURVE ( 'NONE', #1013, #1201, #1996, .T. ) ;
#2060 = CARTESIAN_POINT ( 'NONE',  ( -1.524888234709267376, 2.033063674700156920, 0.7626976187221948811 ) ) ;
#2061 = EDGE_LOOP ( 'NONE', ( #1216, #1145 ) ) ;
#2062 = CARTESIAN_POINT ( 'NONE',  ( -1.302957532768311388, 2.741633294208936089, 1.472061297639928990 ) ) ;
#2063 = CARTESIAN_POINT ( 'NONE',  ( 2.151808711869400703, 2.393001565318742418, -0.3645881168661549432 ) ) ;
#2064 = CARTESIAN_POINT ( 'NONE',  ( 2.225000000000000533, 0.04330127018922132198, 0.000000000000000000 ) ) ;
#2065 = CARTESIAN_POINT ( 'NONE',  ( -2.239102942697064780, 2.614354654051743498, 0.1230287222712782569 ) ) ;
#2066 = CARTESIAN_POINT ( 'NONE',  ( -0.9399549444195852699, 1.851779477782534267, -0.1564256359763262216 ) ) ;
#2067 = AXIS2_PLACEMENT_3D ( 'NONE', #845, #1835, #374 ) ;
#2068 = CARTESIAN_POINT ( 'NONE',  ( 2.245176429993583689, 2.686470453411436310, -0.07582886964850192590 ) ) ;
#2069 = CLOSED_SHELL ( 'NONE', ( #1473, #2454, #2669, #879, #1942, #1249, #433, #2007, #1469, #1355 ) ) ;
#2070 = CARTESIAN_POINT ( 'NONE',  ( -0.9399224806201569304, 1.850593558024078211, -0.09999999999506431481 ) ) ;
#2071 = DIRECTION ( 'NONE',  ( -1.000000000000000000, 0.000000000000000000, 0.000000000000000000 ) ) ;
#2072 = VERTEX_POINT ( 'NONE', #661 ) ;
#2073 = CARTESIAN_POINT ( 'NONE',  ( -1.500000000000000666, 0.9237604307033958628, 0.000000000000000000 ) ) ;
#2074 = DIRECTION ( 'NONE',  ( -1.000000000000000000, 1.548860246407863583E-16, 0.000000000000000000 ) ) ;
#2075 = CARTESIAN_POINT ( 'NONE',  ( -1.233504656096984453, 1.852443219335297764, 0.4918830492749632910 ) ) ;
#2076 = DIRECTION ( 'NONE',  ( 0.000000000000000000, 0.000000000000000000, 1.000000000000000000 ) ) ;
#2077 = CARTESIAN_POINT ( 'NONE',  ( -2.249999999999999556, 2.799397482209294630, 0.002008913551541394778 ) ) ;
#2078 = CARTESIAN_POINT ( 'NONE',  ( -1.029091112160619659, 3.255556796600991287, 1.500000000000000222 ) ) ;
#2079 = FACE_OUTER_BOUND ( 'NONE', #2031, .T. ) ;
#2080 = EDGE_LOOP ( 'NONE', ( #2670, #2168, #2586, #1507 ) ) ;
#2081 = CARTESIAN_POINT ( 'NONE',  ( 1.028264430171583532, 3.255843707352175098, 1.500000000000000000 ) ) ;
#2082 = DIRECTION ( 'NONE',  ( 0.000000000000000000, 0.000000000000000000, 1.000000000000000000 ) ) ;
#2083 = ADVANCED_FACE ( 'NONE', ( #1471 ), #11, .T. ) ;
#2084 = ADVANCED_FACE ( 'NONE', ( #506 ), #1263, .F. ) ;
#2085 = CARTESIAN_POINT ( 'NONE',  ( -2.250000000000218492, 2.801304869776240825, -0.1615644133251254999 ) ) ;
#2086 = CYLINDRICAL_SURFACE ( 'NONE', #1036, 1.399999999999999911 ) ;
#2087 = CARTESIAN_POINT ( 'NONE',  ( -2.500000000000000444, -6.999999999999999112, 0.000000000000000000 ) ) ;
#2088 = CARTESIAN_POINT ( 'NONE',  ( -1.275430160252511769, 1.932987424278952870, -0.6762412134527892027 ) ) ;
#2089 = CARTESIAN_POINT ( 'NONE',  ( -1.986452220862420459, 2.195745355539752808, 0.5486534751879710292 ) ) ;
#2090 = ORIENTED_EDGE ( 'NONE', *, *, #2704, .T. ) ;
#2091 = DIRECTION ( 'NONE',  ( 0.000000000000000000, 0.000000000000000000, -1.000000000000000000 ) ) ;
#2092 = DIRECTION ( 'NONE',  ( 0.000000000000000000, -0.000000000000000000, -1.000000000000000000 ) ) ;
#2093 = B_SPLINE_CURVE_WITH_KNOTS ( 'NONE', 3,
 ( #5, #1002, #852, #1634, #398, #413, #864, #652, #2527, #1234, #2078, #2311 ),
 .UNSPECIFIED., .F., .F.,
 ( 4, 2, 2, 2, 2, 4 ),
 ( 5.421010862427522170E-20, 0.0005687098722608797691, 0.0008530648083913195453, 0.001137419744521759755, 0.001706129616782640392, 0.002274839489043520811 ),
 .UNSPECIFIED. ) ;
#2094 = CARTESIAN_POINT ( 'NONE',  ( -2.208833764941536160, 2.557567349594377148, 0.2739191502311814630 ) ) ;
#2095 = CARTESIAN_POINT ( 'NONE',  ( -0.9170338199822873904, 1.857958461760537361, -0.03333333333332549192 ) ) ;
#2096 = VECTOR ( 'NONE', #2471, 1000.000000000000000 ) ;
#2097 = CARTESIAN_POINT ( 'NONE',  ( -1.340178567803194998, 1.266657263374026954, -0.3420052851429720153 ) ) ;
#2098 = CARTESIAN_POINT ( 'NONE',  ( -1.239095116889383341, 1.722597165938727581, -0.4085228619539973405 ) ) ;
#2099 = EDGE_CURVE ( 'NONE', #296, #255, #2708, .T. ) ;
#2100 = CARTESIAN_POINT ( 'NONE',  ( -2.056385514047880392, 1.697137562845278946, -0.9499810902914884725 ) ) ;
#2101 = CARTESIAN_POINT ( 'NONE',  ( 2.248172544082058355, 2.731157654064316542, -0.05885043387383984831 ) ) ;
#2102 = DIRECTION ( 'NONE',  ( -0.000000000000000000, -0.000000000000000000, -1.000000000000000000 ) ) ;
#2103 = CARTESIAN_POINT ( 'NONE',  ( 0.8499999999999994227, 1.000000000000000000, -1.500000000000000000 ) ) ;
#2104 = EDGE_LOOP ( 'NONE', ( #33, #968, #453, #1367, #2043 ) ) ;
#2105 = ORIENTED_EDGE ( 'NONE', *, *, #700, .F. ) ;
#2106 = CARTESIAN_POINT ( 'NONE',  ( -0.9257705226149722799, 1.855170880945326894, -0.1000000000000000472 ) ) ;
#2107 = CARTESIAN_POINT ( 'NONE',  ( 2.248304639831316010, 2.735765498689485042, 0.06882185034468880913 ) ) ;
#2108 = CARTESIAN_POINT ( 'NONE',  ( 1.096982411943096647, 1.724740828860226616, -0.1177329052108921359 ) ) ;
#2109 =( BOUNDED_SURFACE ( )  B_SPLINE_SURFACE ( 3, 2, ( 
 ( #1414, #2683, #2015 ),
 ( #1588, #1601, #1398 ),
 ( #1646, #1797, #2235 ),
 ( #344, #987, #361 ) ),
 .UNSPECIFIED., .F., .F., .F. ) 
 B_SPLINE_SURFACE_WITH_KNOTS ( ( 4, 4 ),
 ( 3, 3 ),
 ( 0.000000000000000000, 0.0001595594504925667884 ),
 ( 0.000000000000000000, 1.000000000000000000 ),
 .UNSPECIFIED. ) 
 GEOMETRIC_REPRESENTATION_ITEM ( )  RATIONAL_B_SPLINE_SURFACE ( (
 ( 1.000000000000000000, 0.9986698507589860663, 1.000000000000000000),
 ( 1.000000000000000000, 0.9995571187196686802, 1.000000000000000000),
 ( 1.000000000000000000, 0.9999997706865659808, 1.000000000000000000),
 ( 1.000000000000000000, 1.000000000000000000, 1.000000000000000000) ) ) 
 REPRESENTATION_ITEM ( '' )  SURFACE ( )  );
#2110 = CARTESIAN_POINT ( 'NONE',  ( -1.663807385322350285, 1.367744102041722254, -0.4841335630863357053 ) ) ;
#2111 = CARTESIAN_POINT ( 'NONE',  ( -2.124664105788263146, 2.398607554534063269, -0.4233897670509302880 ) ) ;
#2112 = CARTESIAN_POINT ( 'NONE',  ( 2.242017223264916037, 2.670248473493602059, 0.1302429018788945070 ) ) ;
#2113 = EDGE_CURVE ( 'NONE', #1064, #2613, #2458, .T. ) ;
#2114 = AXIS2_PLACEMENT_3D ( 'NONE', #2410, #2173, #42 ) ;
#2115 = EDGE_CURVE ( 'NONE', #2667, #1231, #731, .T. ) ;
#2116 = CARTESIAN_POINT ( 'NONE',  ( 2.099563822120032786, 2.860109601552593972, -0.7383023724197049775 ) ) ;
#2117 = DIRECTION ( 'NONE',  ( -0.000000000000000000, 0.000000000000000000, 1.000000000000000000 ) ) ;
#2118 = CARTESIAN_POINT ( 'NONE',  ( 0.000000000000000000, -1.031250000000000000, 1.500000000000000000 ) ) ;
#2119 = DIRECTION ( 'NONE',  ( 0.000000000000000000, 0.000000000000000000, 1.000000000000000000 ) ) ;
#2120 = VERTEX_POINT ( 'NONE', #858 ) ;
#2121 = CARTESIAN_POINT ( 'NONE',  ( -0.9142985271686070448, 1.858850328835247812, 0.03333333333333331899 ) ) ;
#2122 = DIRECTION ( 'NONE',  ( -0.8660254037844422603, 0.4999999999999941158, 0.000000000000000000 ) ) ;
#2123 = AXIS2_PLACEMENT_3D ( 'NONE', #1514, #835, #1232 ) ;
#2124 = CARTESIAN_POINT ( 'NONE',  ( 1.596476484647008975, 1.905051293797641598, -0.6393661296025184848 ) ) ;
#2125 = ORIENTED_EDGE ( 'NONE', *, *, #2526, .F. ) ;
#2126 = CARTESIAN_POINT ( 'NONE',  ( -1.303872184123733291, 0.9237604307033963069, -0.1959039938370446543 ) ) ;
#2127 = CARTESIAN_POINT ( 'NONE',  ( -2.241997883331462216, 2.670046944793289523, -0.1304149797625297480 ) ) ;
#2128 = LINE ( 'NONE', #251, #850 ) ;
#2129 = CARTESIAN_POINT ( 'NONE',  ( 2.054645223369892637, 2.877513632336355709, -0.8192475395563100227 ) ) ;
#2130 = CARTESIAN_POINT ( 'NONE',  ( -2.245426812623729784, 2.705777557590613558, -0.1000000000000000472 ) ) ;
#2131 = CARTESIAN_POINT ( 'NONE',  ( 2.200000000000001510, 0.000000000000000000, -3.061616997868387948E-17 ) ) ;
#2132 = ORIENTED_EDGE ( 'NONE', *, *, #636, .F. ) ;
#2133 = CARTESIAN_POINT ( 'NONE',  ( 2.474999999999998757, 0.4763139720814425493, 3.061616997868387948E-17 ) ) ;
#2134 = EDGE_CURVE ( 'NONE', #1201, #2146, #1439, .T. ) ;
#2135 = AXIS2_PLACEMENT_3D ( 'NONE', #1899, #2122, #1463 ) ;
#2136 = CARTESIAN_POINT ( 'NONE',  ( -2.249999999999999556, 2.801304834897995644, 5.421010862427522170E-17 ) ) ;
#2137 = CARTESIAN_POINT ( 'NONE',  ( -1.400031256421180981, 1.793331547436191942, -0.5590647549836734731 ) ) ;
#2138 = CARTESIAN_POINT ( 'NONE',  ( 2.077614770644702347, 1.495248937421257418, 0.000000000000000000 ) ) ;
#2139 = CARTESIAN_POINT ( 'NONE',  ( 2.024605189150090023, 2.233878281759024365, 0.5187088097204042292 ) ) ;
#2140 = CIRCLE ( 'NONE', #2581, 1.399999999999999911 ) ;
#2141 = CARTESIAN_POINT ( 'NONE',  ( -2.245426812623729784, 2.705777557590613558, -0.1000000000000000472 ) ) ;
#2142 = ORIENTED_EDGE ( 'NONE', *, *, #2392, .F. ) ;
#2143 = CARTESIAN_POINT ( 'NONE',  ( -2.188981159985100344, 2.825258254795611990, 0.5128949906264880232 ) ) ;
#2144 = CARTESIAN_POINT ( 'NONE',  ( -1.492809547413938009, 1.838292200948690613, -0.6253650708882386722 ) ) ;
#2145 = EDGE_LOOP ( 'NONE', ( #677, #330 ) ) ;
#2146 = VERTEX_POINT ( 'NONE', #1921 ) ;
#2147 = CARTESIAN_POINT ( 'NONE',  ( 1.096982411943217661, 1.724740828860148678, 0.1177329052112457280 ) ) ;
#2148 = PRODUCT_DEFINITION_CONTEXT ( 'detailed design', #1362, 'design' ) ;
#2149 = ADVANCED_FACE ( 'NONE', ( #24 ), #1512, .T. ) ;
#2150 = CARTESIAN_POINT ( 'NONE',  ( 1.603906818007129420, 2.069772130518046982, -0.7668547454911279759 ) ) ;
#2151 = CARTESIAN_POINT ( 'NONE',  ( 2.249983903323337753, 2.794660800856129335, -0.004420244535728742007 ) ) ;
#2152 = CARTESIAN_POINT ( 'NONE',  ( -1.500000000000000444, 0.9237604307033957518, 0.000000000000000000 ) ) ;
#2153 = PLANE ( 'NONE',  #1933 ) ;
#2154 = ORIENTED_EDGE ( 'NONE', *, *, #1557, .F. ) ;
#2155 = CARTESIAN_POINT ( 'NONE',  ( -2.249809434320912072, 2.758655716979847572, -0.02836436067942416789 ) ) ;
#2156 = CARTESIAN_POINT ( 'NONE',  ( -1.207528783153080543, 3.192270989246677626, -1.465374261767509179 ) ) ;
#2157 = ADVANCED_FACE ( 'NONE', ( #1487 ), #598, .F. ) ;
#2158 = EDGE_CURVE ( 'NONE', #2056, #1640, #1254, .T. ) ;
#2159 = CARTESIAN_POINT ( 'NONE',  ( 2.134190470159908148, 2.107195210869636348, -0.4881065764488982661 ) ) ;
#2160 = CARTESIAN_POINT ( 'NONE',  ( 1.466040681771785481, 1.827925070162643717, 0.5957198826326791652 ) ) ;
#2161 = DIRECTION ( 'NONE',  ( 0.000000000000000000, 0.000000000000000000, 1.000000000000000000 ) ) ;
#2162 = AXIS2_PLACEMENT_3D ( 'NONE', #1979, #1210, #159 ) ;
#2163 = CARTESIAN_POINT ( 'NONE',  ( 1.091515005247727599, 1.728259573402180171, 0.1017683044555284244 ) ) ;
#2164 = CARTESIAN_POINT ( 'NONE',  ( 1.081241156978484108, 1.736973581302081238, -0.07001649453685811209 ) ) ;
#2165 = EDGE_CURVE ( 'NONE', #355, #1231, #2237, .T. ) ;
#2166 = ADVANCED_FACE ( 'NONE', ( #2433 ), #1382, .T. ) ;
#2167 = CARTESIAN_POINT ( 'NONE',  ( -2.249999999999999556, 2.801304834897995644, 0.000000000000000000 ) ) ;
#2168 = ORIENTED_EDGE ( 'NONE', *, *, #129, .T. ) ;
#2169 = FACE_OUTER_BOUND ( 'NONE', #1849, .T. ) ;
#2170 = CARTESIAN_POINT ( 'NONE',  ( 1.249999999999999556, 2.801304834897995644, 1.500000000000000000 ) ) ;
#2171 = DIRECTION ( 'NONE',  ( 0.000000000000000000, 0.000000000000000000, 1.000000000000000000 ) ) ;
#2172 = CARTESIAN_POINT ( 'NONE',  ( 0.9400414244746766457, 1.854806483634779735, -0.2221925517562085006 ) ) ;
#2173 = DIRECTION ( 'NONE',  ( 0.000000000000000000, 1.000000000000000000, 0.000000000000000000 ) ) ;
#2174 = VECTOR ( 'NONE', #243, 1000.000000000000000 ) ;
#2175 = VERTEX_POINT ( 'NONE', #789 ) ;
#2176 = EDGE_CURVE ( 'NONE', #149, #1281, #720, .T. ) ;
#2177 = CARTESIAN_POINT ( 'NONE',  ( -2.500000000000000444, -6.999999999999999112, -0.2500000000000003886 ) ) ;
#2178 = CARTESIAN_POINT ( 'NONE',  ( 2.077614770644702347, 1.495248937421257418, 0.000000000000000000 ) ) ;
#2179 = VERTEX_POINT ( 'NONE', #1787 ) ;
#2180 = VERTEX_POINT ( 'NONE', #2064 ) ;
#2181 = FACE_OUTER_BOUND ( 'NONE', #1665, .T. ) ;
#2182 = B_SPLINE_CURVE_WITH_KNOTS ( 'NONE', 3,
 ( #176, #584, #568, #981 ),
 .UNSPECIFIED., .F., .F.,
 ( 4, 4 ),
 ( 1.115593525445209396E-14, 5.827994365755658477E-05 ),
 .UNSPECIFIED. ) ;
#2183 = CARTESIAN_POINT ( 'NONE',  ( 2.130864579076803267, 2.361321615239029281, 0.3991120699397456839 ) ) ;
#2184 =( LENGTH_UNIT ( ) NAMED_UNIT ( * ) SI_UNIT ( .MILLI., .METRE. ) );
#2185 = CARTESIAN_POINT ( 'NONE',  ( -1.750000000000000888, 0.9237604307033957518, 3.061616997868387332E-17 ) ) ;
#2186 = CARTESIAN_POINT ( 'NONE',  ( 2.250000000000001776, 2.801304834897999640, -0.09999999999506432868 ) ) ;
#2187 = LINE ( 'NONE', #213, #886 ) ;
#2188 = B_SPLINE_CURVE_WITH_KNOTS ( 'NONE', 3,
 ( #2336, #13, #893, #1533, #1910, #676, #663, #2337, #2144, #1704, #872, #1308, #688, #1715 ),
 .UNSPECIFIED., .F., .F.,
 ( 4, 2, 2, 2, 2, 2, 4 ),
 ( 1.337793014306373724E-18, 0.0002534498391965086085, 0.0005068996783930159161, 0.001013799356786031398, 0.001520699035179046881, 0.001774148874375554297, 0.002027598713572061496 ),
 .UNSPECIFIED. ) ;
#2189 = B_SPLINE_CURVE_WITH_KNOTS ( 'NONE', 3,
 ( #687, #2360, #621, #1315 ),
 .UNSPECIFIED., .F., .F.,
 ( 4, 4 ),
 ( 0.000000000000000000, 0.7918948620764990620 ),
 .UNSPECIFIED. ) ;
#2190 = CARTESIAN_POINT ( 'NONE',  ( -2.250000000000000444, -1.734723475976807094E-15, -3.061616997868389181E-17 ) ) ;
#2191 = CARTESIAN_POINT ( 'NONE',  ( 1.303872184123732847, 0.9237604307033966400, 0.1959039938370446821 ) ) ;
#2192 = ORIENTED_EDGE ( 'NONE', *, *, #1615, .F. ) ;
#2193 = CARTESIAN_POINT ( 'NONE',  ( 1.250000000000000222, 0.9237604307033958628, -0.06544984642750298343 ) ) ;
#2194 = CARTESIAN_POINT ( 'NONE',  ( 2.234426614978165748, 2.624459311836511155, 0.1512404015950064573 ) ) ;
#2195 = CARTESIAN_POINT ( 'NONE',  ( -2.249999999999999112, 2.142570782904941851, 0.000000000000000000 ) ) ;
#2196 = FACE_OUTER_BOUND ( 'NONE', #1127, .T. ) ;
#2197 = APPLICATION_PROTOCOL_DEFINITION ( 'draft international standard', 'automotive_design', 1998, #1513 ) ;
#2198 = AXIS2_PLACEMENT_3D ( 'NONE', #1447, #1047, #2660 ) ;
#2199 = DIRECTION ( 'NONE',  ( -0.000000000000000000, -1.000000000000000000, -0.000000000000000000 ) ) ;
#2200 = CARTESIAN_POINT ( 'NONE',  ( 0.8499999999999997558, 3.317712699598606374, 1.499999999999999778 ) ) ;
#2201 = CARTESIAN_POINT ( 'NONE',  ( 1.081117966712989764, 1.953057831234179753, 0.6342078677548261822 ) ) ;
#2202 =( BOUNDED_SURFACE ( )  B_SPLINE_SURFACE ( 3, 2, ( 
 ( #839, #1663, #1434 ),
 ( #1873, #2715, #2513 ),
 ( #2270, #1018, #384 ),
 ( #2066, #1859, #821 ) ),
 .UNSPECIFIED., .F., .F., .T. ) 
 B_SPLINE_SURFACE_WITH_KNOTS ( ( 4, 4 ),
 ( 3, 3 ),
 ( -6.776263578034402713E-19, 6.977190829423610878E-05 ),
 ( 0.000000000000000000, 1.000000000000000000 ),
 .UNSPECIFIED. ) 
 GEOMETRIC_REPRESENTATION_ITEM ( )  RATIONAL_B_SPLINE_SURFACE ( (
 ( 1.000000000000000000, 0.9442211217125466849, 1.000000000000000000),
 ( 1.000000000000000000, 0.9421936578666241235, 1.000000000000000000),
 ( 1.000000000000000000, 0.9406379929272816742, 1.000000000000000000),
 ( 1.000000000000000000, 0.9394242159563320760, 1.000000000000000000) ) ) 
 REPRESENTATION_ITEM ( '' )  SURFACE ( )  );
#2203 = ORIENTED_EDGE ( 'NONE', *, *, #1107, .F. ) ;
#2204 = FACE_OUTER_BOUND ( 'NONE', #1705, .T. ) ;
#2205 = EDGE_CURVE ( 'NONE', #2496, #2564, #2577, .T. ) ;
#2206 = CARTESIAN_POINT ( 'NONE',  ( 1.974901852768444988, 2.289162928470189318, 0.6286604342674716461 ) ) ;
#2207 = DIRECTION ( 'NONE',  ( -1.000000000000000000, 0.000000000000000000, 0.000000000000000000 ) ) ;
#2208 = CARTESIAN_POINT ( 'NONE',  ( -1.250000000000000222, 1.240239266662187756, 0.1142618748669499834 ) ) ;
#2209 = CARTESIAN_POINT ( 'NONE',  ( -2.500000000000000444, -6.999999999999999112, -0.2500000000000003886 ) ) ;
#2210 = ORIENTED_EDGE ( 'NONE', *, *, #130, .T. ) ;
#2211 = AXIS2_PLACEMENT_3D ( 'NONE', #604, #1218, #2695 ) ;
#2212 = B_SPLINE_SURFACE_WITH_KNOTS ( 'NONE', 3, 3, ( 
 ( #2226, #336, #1183, #128 ),
 ( #978, #1814, #1607, #2455 ),
 ( #876, #469, #249, #2355 ),
 ( #627, #2110, #1090, #1312 ),
 ( #2126, #2097, #237, #257 ),
 ( #1710, #887, #2516, #1467 ),
 ( #2301, #415, #1066, #2343 ),
 ( #28, #1683, #1519, #1079 ),
 ( #2734, #841, #1299, #1917 ),
 ( #641, #20, #456, #1050 ),
 ( #657, #2529, #854, #2717 ),
 ( #1482, #1272, #2317, #2136 ) ),
 .UNSPECIFIED., .T., .F., .F.,
 ( 4, 1, 1, 1, 2, 1, 1, 1, 4 ),
 ( 4, 4 ),
 ( 0.000000000000000000, 0.1250000000000000000, 0.2500000000000000000, 0.3750000000000000000, 0.5000000000000000000, 0.6250000000000000000, 0.7500000000000000000, 0.8750000000000000000, 1.000000000000000000 ),
 ( 0.000000000000000000, 1.000000000000000000 ),
 .UNSPECIFIED. ) ;
#2213 = TOROIDAL_SURFACE ( 'NONE', #1916, 0.2999999999999990452, 0.2500000000000003886 ) ;
#2214 = CARTESIAN_POINT ( 'NONE',  ( -1.275738188166904541, 1.933092648395583923, 0.6764429663567609330 ) ) ;
#2215 = FILL_AREA_STYLE ('',( #2388 ) ) ;
#2216 =( GEOMETRIC_REPRESENTATION_CONTEXT ( 3 ) GLOBAL_UNCERTAINTY_ASSIGNED_CONTEXT ( ( #2342 ) ) GLOBAL_UNIT_ASSIGNED_CONTEXT ( ( #1313, #1345, #695 ) ) REPRESENTATION_CONTEXT ( 'NONE', 'WORKASPACE' ) );
#2217 = EDGE_LOOP ( 'NONE', ( #2608, #812, #2010, #1969 ) ) ;
#2218 = CARTESIAN_POINT ( 'NONE',  ( 0.9257705226148299493, 1.855170880945372414, -0.09999999999917456861 ) ) ;
#2219 = EDGE_CURVE ( 'NONE', #2146, #660, #322, .T. ) ;
#2220 = CARTESIAN_POINT ( 'NONE',  ( 1.288277458961556876, 1.742102353802884140, 0.4670542772775654328 ) ) ;
#2221 = DIRECTION ( 'NONE',  ( -7.744301232039316681E-17, 1.000000000000000000, 0.000000000000000000 ) ) ;
#2222 = CARTESIAN_POINT ( 'NONE',  ( -2.134190470159907260, 2.107195210869635904, 0.4881065764488994874 ) ) ;
#2223 = CARTESIAN_POINT ( 'NONE',  ( 2.056385514047879948, 1.697137562845278946, -0.9499810902914866961 ) ) ;
#2224 = VERTEX_POINT ( 'NONE', #2283 ) ;
#2225 = ADVANCED_FACE ( 'NONE', ( #1061 ), #1169, .F. ) ;
#2226 = CARTESIAN_POINT ( 'NONE',  ( -1.750000000000000888, 0.9237604307033958628, 2.710505431213761085E-17 ) ) ;
#2227 = CARTESIAN_POINT ( 'NONE',  ( -2.036194721548678199, 2.339027758930265044, 0.5733749370535261569 ) ) ;
#2228 = CARTESIAN_POINT ( 'NONE',  ( 0.8757541643607107407, 3.135716983059638530, -1.500000000000000000 ) ) ;
#2229 = EDGE_LOOP ( 'NONE', ( #2347, #1745, #1763 ) ) ;
#2230 = CARTESIAN_POINT ( 'NONE',  ( -2.248172544082487789, 2.731157654064443552, 0.05885043387433511186 ) ) ;
#2231 = EDGE_CURVE ( 'NONE', #822, #2180, #597, .T. ) ;
#2232 = CARTESIAN_POINT ( 'NONE',  ( 1.041289671169372211, 1.817742933214703260, -0.1328942522287627770 ) ) ;
#2233 = VECTOR ( 'NONE', #2027, 1000.000000000000114 ) ;
#2234 = ORIENTED_EDGE ( 'NONE', *, *, #2639, .T. ) ;
#2235 = CARTESIAN_POINT ( 'NONE',  ( 2.249999999999999556, 2.763002957473552179, 0.02548385999807750019 ) ) ;
#2236 = CARTESIAN_POINT ( 'NONE',  ( -0.9343550318478385242, 2.451572776932141373, -1.244591401946102849 ) ) ;
#2237 = LINE ( 'NONE', #141, #2621 ) ;
#2238 = CARTESIAN_POINT ( 'NONE',  ( 0.9257705226148293942, 1.855170880945373302, -0.1000000000000000472 ) ) ;
#2239 = CARTESIAN_POINT ( 'NONE',  ( 2.168060699420874649, 2.480345671336581237, -0.3824538373950355230 ) ) ;
#2240 = CARTESIAN_POINT ( 'NONE',  ( -2.141969906256013800, 1.576207665129941704, -0.7594607164864058957 ) ) ;
#2241 = AXIS2_PLACEMENT_3D ( 'NONE', #1567, #1166, #735 ) ;
#2242 = CARTESIAN_POINT ( 'NONE',  ( 0.9416532406502770014, 1.905797419075624388, -0.5227907252026339213 ) ) ;
#2243 = EDGE_CURVE ( 'NONE', #2120, #2628, #2093, .T. ) ;
#2244 = ORIENTED_EDGE ( 'NONE', *, *, #541, .F. ) ;
#2245 = CARTESIAN_POINT ( 'NONE',  ( 2.500000000000000444, -1.734723475976807094E-15, 0.000000000000000000 ) ) ;
#2246 = ORIENTED_EDGE ( 'NONE', *, *, #1311, .F. ) ;
#2247 = CARTESIAN_POINT ( 'NONE',  ( 2.249999999999999556, 2.801304834897995644, 2.710505431213761085E-17 ) ) ;
#2248 = CARTESIAN_POINT ( 'NONE',  ( 1.696127815876268485, 0.9237604307033957518, -0.1959039938370445710 ) ) ;
#2249 = CARTESIAN_POINT ( 'NONE',  ( -1.157451585050127463, 3.210027903867920251, 1.474643552281593273 ) ) ;
#2250 = CARTESIAN_POINT ( 'NONE',  ( -0.9416532373133545963, 1.905797324553715200, -0.5227903642442057741 ) ) ;
#2251 = CARTESIAN_POINT ( 'NONE',  ( -1.250000000000000222, 0.9237604307033958628, -0.06544984642750298343 ) ) ;
#2252 = DIRECTION ( 'NONE',  ( -1.000000000000000000, 0.000000000000000000, 0.000000000000000000 ) ) ;
#2253 = SURFACE_STYLE_FILL_AREA ( #1418 ) ;
#2254 = ORIENTED_EDGE ( 'NONE', *, *, #2378, .T. ) ;
#2255 = DIRECTION ( 'NONE',  ( 0.000000000000000000, 1.000000000000000000, 0.000000000000000000 ) ) ;
#2256 = CARTESIAN_POINT ( 'NONE',  ( -0.9407675056229294341, 1.883434967046259345, -0.4009142888891262801 ) ) ;
#2257 = AXIS2_PLACEMENT_3D ( 'NONE', #1243, #2058, #1456 ) ;
#2258 = DIRECTION ( 'NONE',  ( 0.000000000000000000, 0.000000000000000000, 1.000000000000000000 ) ) ;
#2259 = ORIENTED_EDGE ( 'NONE', *, *, #953, .T. ) ;
#2260 = SPHERICAL_SURFACE ( 'NONE', #441, 1.399999999999999911 ) ;
#2261 = AXIS2_PLACEMENT_3D ( 'NONE', #492, #68, #1400 ) ;
#2262 = DIRECTION ( 'NONE',  ( 0.8660254037844412611, 0.4999999999999957256, 0.000000000000000000 ) ) ;
#2263 = CARTESIAN_POINT ( 'NONE',  ( -1.184958333655724338, 1.836319323992892327, 0.4317078184745396507 ) ) ;
#2264 = CIRCLE ( 'NONE', #2001, 1.400000000000000133 ) ;
#2265 = ORIENTED_EDGE ( 'NONE', *, *, #777, .T. ) ;
#2266 = CARTESIAN_POINT ( 'NONE',  ( 1.239755262983445183, 1.722779035346506227, 0.4094997768188091691 ) ) ;
#2267 = CARTESIAN_POINT ( 'NONE',  ( 0.8499999999999998668, 4.100000000000000533, -0.1000000000000000472 ) ) ;
#2268 = CARTESIAN_POINT ( 'NONE',  ( -2.241570417541089544, 2.643653610954806332, 0.1038530307913543838 ) ) ;
#2269 = FACE_OUTER_BOUND ( 'NONE', #1931, .T. ) ;
#2270 = CARTESIAN_POINT ( 'NONE',  ( -0.9344387235402997760, 1.852784554691499830, -0.1377255678381986703 ) ) ;
#2271 = CARTESIAN_POINT ( 'NONE',  ( 1.694116637788288360, 3.014547468712775125, 1.231572518827233065 ) ) ;
#2272 = FACE_OUTER_BOUND ( 'NONE', #2402, .T. ) ;
#2273 = CARTESIAN_POINT ( 'NONE',  ( 2.218504077828469256, 2.813689591016768521, 0.4009142885380306831 ) ) ;
#2274 = ORIENTED_EDGE ( 'NONE', *, *, #1177, .T. ) ;
#2275 = CARTESIAN_POINT ( 'NONE',  ( 1.081241156978484108, 1.736973581302081238, -0.07001649453685811209 ) ) ;
#2276 = CARTESIAN_POINT ( 'NONE',  ( 0.9257705226148293942, 1.855170880945373302, -0.1000000000000000472 ) ) ;
#2277 = CARTESIAN_POINT ( 'NONE',  ( 2.249999999999999112, 2.142570782904941851, 0.000000000000000000 ) ) ;
#2278 = EDGE_CURVE ( 'NONE', #2002, #713, #1789, .T. ) ;
#2279 =( BOUNDED_SURFACE ( )  B_SPLINE_SURFACE ( 3, 2, ( 
 ( #287, #515, #1727 ),
 ( #540, #799, #331 ),
 ( #1822, #1204, #2429 ),
 ( #1613, #2232, #2462 ) ),
 .UNSPECIFIED., .F., .F., .T. ) 
 B_SPLINE_SURFACE_WITH_KNOTS ( ( 4, 4 ),
 ( 3, 3 ),
 ( -4.404977901537043827E-16, 6.977190829479433737E-05 ),
 ( 0.000000000000000000, 1.000000000000000000 ),
 .UNSPECIFIED. ) 
 GEOMETRIC_REPRESENTATION_ITEM ( )  RATIONAL_B_SPLINE_SURFACE ( (
 ( 1.000000000000000000, 0.9442211217125942024, 1.000000000000000000),
 ( 1.000000000000000000, 0.9421936578667164941, 1.000000000000000000),
 ( 1.000000000000000000, 0.9406379929272777884, 1.000000000000000000),
 ( 1.000000000000000000, 0.9394242159563324090, 1.000000000000000000) ) ) 
 REPRESENTATION_ITEM ( '' )  SURFACE ( )  );
#2280 = ORIENTED_EDGE ( 'NONE', *, *, #146, .F. ) ;
#2281 = CARTESIAN_POINT ( 'NONE',  ( 1.401294556229507604, 1.793959856773643891, 0.5598952905628605814 ) ) ;
#2282 = CARTESIAN_POINT ( 'NONE',  ( -2.249999999999999556, 2.799090152378575169, 0.001473417842663533872 ) ) ;
#2283 = CARTESIAN_POINT ( 'NONE',  ( 1.750000000000001110, 0.9237604307033958628, 1.355252715606880543E-17 ) ) ;
#2284 = CARTESIAN_POINT ( 'NONE',  ( -1.500967851886169324, 1.847354041427617055, 0.6116557628561717364 ) ) ;
#2285 = LINE ( 'NONE', #400, #34 ) ;
#2286 = ORIENTED_EDGE ( 'NONE', *, *, #2719, .F. ) ;
#2287 = CARTESIAN_POINT ( 'NONE',  ( 2.205477321452915973, 2.533968885395718740, -0.2545247764546570979 ) ) ;
#2288 = CARTESIAN_POINT ( 'NONE',  ( -0.8499999999999997558, 4.100000000000000533, -0.1000000000000000472 ) ) ;
#2289 = CARTESIAN_POINT ( 'NONE',  ( -2.107760247393896780, 2.856914659721830230, -0.7169891035789427436 ) ) ;
#2290 = CARTESIAN_POINT ( 'NONE',  ( 2.230296286274677353, 2.809055843983008671, 0.3416884473357873486 ) ) ;
#2291 = B_SPLINE_CURVE_WITH_KNOTS ( 'NONE', 3,
 ( #648, #2323, #438, #1280 ),
 .UNSPECIFIED., .F., .F.,
 ( 4, 4 ),
 ( 2.546288677419388598E-19, 5.827994365743024134E-05 ),
 .UNSPECIFIED. ) ;
#2292 = CARTESIAN_POINT ( 'NONE',  ( -1.081241156978710150, 1.736973581301871850, 0.07001649453754962837 ) ) ;
#2293 = AXIS2_PLACEMENT_3D ( 'NONE', #1545, #2076, #1460 ) ;
#2294 = CARTESIAN_POINT ( 'NONE',  ( -1.078343322145608907, 1.872423116641636742, -0.4936641241356505283 ) ) ;
#2295 = CARTESIAN_POINT ( 'NONE',  ( 1.340178567803194998, 1.266657263374026954, -0.3420052851429720153 ) ) ;
#2296 = EDGE_CURVE ( 'NONE', #1413, #1612, #826, .T. ) ;
#2297 = CARTESIAN_POINT ( 'NONE',  ( -2.249999649238044963, 1.423308087843644820, 0.2452539353381763543 ) ) ;
#2298 = CARTESIAN_POINT ( 'NONE',  ( 2.249999999999999556, 2.801304834897995644, -0.1000000000000000472 ) ) ;
#2299 = CARTESIAN_POINT ( 'NONE',  ( 2.245426812623728896, 2.705777557590604676, 0.1000000000000000472 ) ) ;
#2300 = CARTESIAN_POINT ( 'NONE',  ( 0.8499999999999996447, 3.317712699598606374, 1.500000000000000000 ) ) ;
#2301 = CARTESIAN_POINT ( 'NONE',  ( -1.250000000000000222, 0.9237604307033958628, 0.06544984642750290016 ) ) ;
#2302 = DIRECTION ( 'NONE',  ( -0.000000000000000000, -0.000000000000000000, -1.000000000000000000 ) ) ;
#2303 = CARTESIAN_POINT ( 'NONE',  ( -2.130484146357216613, 2.848082569955146415, -0.6686788559670329146 ) ) ;
#2304 = DIRECTION ( 'NONE',  ( -0.4999999999999960032, -0.8660254037844408170, 0.000000000000000000 ) ) ;
#2305 = CARTESIAN_POINT ( 'NONE',  ( -1.068679564664603454, 1.748765809586254605, 6.677968689947342906E-14 ) ) ;
#2306 = PLANE ( 'NONE',  #97 ) ;
#2307 = CARTESIAN_POINT ( 'NONE',  ( -1.608933505930840946, 2.072287621065719954, 0.7663434361904579717 ) ) ;
#2308 = ORIENTED_EDGE ( 'NONE', *, *, #700, .T. ) ;
#2309 = PRESENTATION_LAYER_ASSIGNMENT (  '', '', ( #1731 ) ) ;
#2310 = DIRECTION ( 'NONE',  ( 1.000000000000000000, 0.000000000000000000, 0.000000000000000000 ) ) ;
#2311 = CARTESIAN_POINT ( 'NONE',  ( -0.8499999999999996447, 3.317712699598606374, 1.500000000000000000 ) ) ;
#2312 = ADVANCED_FACE ( 'NONE', ( #1016 ), #1719, .F. ) ;
#2313 = CARTESIAN_POINT ( 'NONE',  ( 1.865086422584655734, 2.091142120108951286, -0.6139934949358988314 ) ) ;
#2314 = CARTESIAN_POINT ( 'NONE',  ( 1.714256838504382818, 1.982753872908567416, 0.6477711468704949738 ) ) ;
#2315 = CARTESIAN_POINT ( 'NONE',  ( 2.239102942697060339, 2.614354654051756821, 0.1230287222713037365 ) ) ;
#2316 = VECTOR ( 'NONE', #2658, 1000.000000000000000 ) ;
#2317 = CARTESIAN_POINT ( 'NONE',  ( -2.249999999999999112, 2.142570782904941851, 0.000000000000000000 ) ) ;
#2318 = CARTESIAN_POINT ( 'NONE',  ( -1.841019902659194241, 2.197487925822378063, -0.7108213695726401937 ) ) ;
#2319 = CARTESIAN_POINT ( 'NONE',  ( 0.9297354621517380791, 1.853899193864338324, -0.1189751604596843981 ) ) ;
#2320 = CARTESIAN_POINT ( 'NONE',  ( 2.250000000000004441, 2.763002957470236609, -0.02548385999299619328 ) ) ;
#2321 = CARTESIAN_POINT ( 'NONE',  ( 1.800000000000000488, 0.9237604307033959739, 0.000000000000000000 ) ) ;
#2322 = CARTESIAN_POINT ( 'NONE',  ( 0.9257705226149710587, 1.855170880945327783, 0.1000000000000000611 ) ) ;
#2323 = CARTESIAN_POINT ( 'NONE',  ( -0.9297354621420369503, 1.853899193866585637, -0.1189751604631367615 ) ) ;
#2324 = ADVANCED_FACE ( 'NONE', ( #2725 ), #827, .T. ) ;
#2325 = ORIENTED_EDGE ( 'NONE', *, *, #1742, .T. ) ;
#2326 = PLANE ( 'NONE',  #2354 ) ;
#2327 = CARTESIAN_POINT ( 'NONE',  ( 2.249999999999999556, 2.799397482209302179, 0.002008913551548828936 ) ) ;
#2328 = CARTESIAN_POINT ( 'NONE',  ( 1.041289671169699282, 1.817742933214203438, -0.1328942522288118211 ) ) ;
#2329 = VERTEX_POINT ( 'NONE', #499 ) ;
#2330 = CARTESIAN_POINT ( 'NONE',  ( 0.9585404103305251722, 1.849565750348130644, -0.2470694229868747871 ) ) ;
#2331 = CARTESIAN_POINT ( 'NONE',  ( -2.130494316277766753, 2.432686370290826794, -0.4521272645173077809 ) ) ;
#2332 = DIRECTION ( 'NONE',  ( 0.000000000000000000, 0.000000000000000000, 1.000000000000000000 ) ) ;
#2333 = AXIS2_PLACEMENT_3D ( 'NONE', #1228, #1656, #1611 ) ;
#2334 = CARTESIAN_POINT ( 'NONE',  ( 1.068679564664606563, 1.748765809586256159, -0.02408243483335853127 ) ) ;
#2335 = ADVANCED_FACE ( 'NONE', ( #2000 ), #107, .T. ) ;
#2336 = CARTESIAN_POINT ( 'NONE',  ( -2.245176429993596123, 2.686470453411610837, -0.07582886964840035438 ) ) ;
#2337 = CARTESIAN_POINT ( 'NONE',  ( -1.645068712403218170, 1.933247084893136680, -0.6617268489391631148 ) ) ;
#2338 = EDGE_LOOP ( 'NONE', ( #500, #2105, #1525, #121 ) ) ;
#2339 = CARTESIAN_POINT ( 'NONE',  ( -0.8499999999999998668, 4.100000000000000533, -0.1000000000000000472 ) ) ;
#2340 = AXIS2_PLACEMENT_3D ( 'NONE', #955, #928, #104 ) ;
#2341 = CARTESIAN_POINT ( 'NONE',  ( 1.553199035500969050, 1.988445295107343247, -0.6761792948955420712 ) ) ;
#2342 = UNCERTAINTY_MEASURE_WITH_UNIT (LENGTH_MEASURE( 1.000000000000000082E-05 ), #1313, 'distance_accuracy_value', 'NONE');
#2343 = CARTESIAN_POINT ( 'NONE',  ( -0.9399224806201544880, 1.850593558024074214, 0.2118859317458442471 ) ) ;
#2344 = CARTESIAN_POINT ( 'NONE',  ( -1.662619979073743703, 1.948476320575549092, -0.6480704375241981285 ) ) ;
#2345 = CARTESIAN_POINT ( 'NONE',  ( 2.209494173566682651, 2.559093526926286888, 0.2718119286019657355 ) ) ;
#2346 = CARTESIAN_POINT ( 'NONE',  ( 2.073144769096030071, 2.287620724351142609, 0.4718074948736871721 ) ) ;
#2347 = ORIENTED_EDGE ( 'NONE', *, *, #1255, .F. ) ;
#2348 = ORIENTED_EDGE ( 'NONE', *, *, #2379, .F. ) ;
#2349 = CARTESIAN_POINT ( 'NONE',  ( -2.248215911422635216, 2.722560861144840860, -0.05220766678814173223 ) ) ;
#2350 = CARTESIAN_POINT ( 'NONE',  ( 0.9343550318478380801, 2.451572776932143150, 1.244591401946104847 ) ) ;
#2351 = ORIENTED_EDGE ( 'NONE', *, *, #418, .F. ) ;
#2352 = ORIENTED_EDGE ( 'NONE', *, *, #2430, .F. ) ;
#2353 = CARTESIAN_POINT ( 'NONE',  ( 1.715086915925554845, 1.957402797699357100, 0.6909563116423916851 ) ) ;
#2354 = AXIS2_PLACEMENT_3D ( 'NONE', #232, #1478, #1678 ) ;
#2355 = CARTESIAN_POINT ( 'NONE',  ( -2.108804513907165834, 2.698840561687891437, -0.6342078677548249610 ) ) ;
#2356 = DIRECTION ( 'NONE',  ( -1.000000000000000000, 0.000000000000000000, 0.000000000000000000 ) ) ;
#2357 = CARTESIAN_POINT ( 'NONE',  ( -0.8499999999999997558, 4.100000000000000533, 0.1000000000000000472 ) ) ;
#2358 = AXIS2_PLACEMENT_3D ( 'NONE', #2617, #1149, #2161 ) ;
#2359 = EDGE_LOOP ( 'NONE', ( #513, #999, #2459, #2693 ) ) ;
#2360 = CARTESIAN_POINT ( 'NONE',  ( -1.250000000000000222, 1.174378394855114305, -8.461051599077071845E-18 ) ) ;
#2361 = DIRECTION ( 'NONE',  ( 0.000000000000000000, -0.000000000000000000, 1.000000000000000000 ) ) ;
#2362 = ORIENTED_EDGE ( 'NONE', *, *, #2645, .F. ) ;
#2363 = CARTESIAN_POINT ( 'NONE',  ( 1.180173831851110577, 1.772234812493773681, 0.1630739033063970389 ) ) ;
#2364 = ADVANCED_FACE ( 'NONE', ( #1340 ), #969, .T. ) ;
#2365 = B_SPLINE_CURVE_WITH_KNOTS ( 'NONE', 3,
 ( #863, #608, #1445, #836, #2727, #2282, #851 ),
 .UNSPECIFIED., .F., .F.,
 ( 4, 3, 4 ),
 ( 0.000000000000000000, 0.0001297206800030777975, 0.0001377007808300163806 ),
 .UNSPECIFIED. ) ;
#2366 = CARTESIAN_POINT ( 'NONE',  ( 1.554188630541827321, 1.988959863536347239, 0.6763079192358483205 ) ) ;
#2367 = ADVANCED_FACE ( 'NONE', ( #329 ), #1995, .F. ) ;
#2368 = DIRECTION ( 'NONE',  ( 1.000000000000000000, 0.000000000000000000, 0.000000000000000000 ) ) ;
#2369 = CARTESIAN_POINT ( 'NONE',  ( -1.024106144412979980, 1.823631398749717691, 0.08318468573960406676 ) ) ;
#2370 = EDGE_LOOP ( 'NONE', ( #2596, #138, #1290 ) ) ;
#2371 = AXIS2_PLACEMENT_3D ( 'NONE', #2087, #1409, #1627 ) ;
#2372 = CIRCLE ( 'NONE', #2733, 1.000000000000000000 ) ;
#2373 = FACE_OUTER_BOUND ( 'NONE', #1888, .T. ) ;
#2374 = FACE_OUTER_BOUND ( 'NONE', #880, .T. ) ;
#2375 = VERTEX_POINT ( 'NONE', #767 ) ;
#2376 = ORIENTED_EDGE ( 'NONE', *, *, #953, .F. ) ;
#2377 = PLANE ( 'NONE',  #2663 ) ;
#2378 = EDGE_CURVE ( 'NONE', #81, #1960, #120, .T. ) ;
#2379 = EDGE_CURVE ( 'NONE', #1059, #281, #284, .T. ) ;
#2380 = SURFACE_STYLE_USAGE ( .BOTH. , #267 ) ;
#2381 = AXIS2_PLACEMENT_3D ( 'NONE', #276, #1319, #2418 ) ;
#2382 = CARTESIAN_POINT ( 'NONE',  ( 2.245176429993606781, 2.686470453411726300, -0.07582886964831830889 ) ) ;
#2383 = CARTESIAN_POINT ( 'NONE',  ( 2.009995014637148358, 1.762619227376824860, -1.026975264207170557 ) ) ;
#2384 = CARTESIAN_POINT ( 'NONE',  ( -1.081241156978710150, 1.736973581301871850, 0.07001649453754962837 ) ) ;
#2385 = EDGE_LOOP ( 'NONE', ( #655, #2274, #2376, #2154, #548 ) ) ;
#2386 =( BOUNDED_SURFACE ( )  B_SPLINE_SURFACE ( 3, 2, ( 
 ( #2200, #2441, #1559 ),
 ( #91, #2401, #510 ),
 ( #1119, #1998, #1351 ),
 ( #295, #753, #1142 ),
 ( #1778, #1959, #62 ),
 ( #2413, #916, #956 ),
 ( #1792, #1747, #2636 ),
 ( #2425, #536, #2595 ),
 ( #2473, #2677, #980 ),
 ( #1832, #1672, #1422 ),
 ( #1625, #2039, #1200 ),
 ( #566, #405, #1863 ),
 ( #2457, #601, #994 ),
 ( #387, #1848, #2273 ),
 ( #1816, #2721, #2290 ),
 ( #2055, #2706, #1240 ),
 ( #1226, #1438, #830 ),
 ( #148, #2692, #175 ) ),
 .UNSPECIFIED., .F., .F., .T. ) 
 B_SPLINE_SURFACE_WITH_KNOTS ( ( 4, 2, 2, 2, 2, 2, 2, 2, 4 ),
 ( 3, 3 ),
 ( -4.037673387228410509E-06, 0.0002032339885767646219, 0.0004105056505407576298, 0.0005141414815227541473, 0.0006177773125047506106, 0.0006695952279957488422, 0.0007214131434867471823, 0.0007732310589777454139, 0.0008250489744687436455 ),
 ( 0.000000000000000000, 1.000000000000000000 ),
 .UNSPECIFIED. ) 
 GEOMETRIC_REPRESENTATION_ITEM ( )  RATIONAL_B_SPLINE_SURFACE ( (
 ( 1.000000000000000000, 1.000000000000000000, 1.000000000000000000),
 ( 1.000000000000000000, 0.9999403429167474933, 1.000000000000000000),
 ( 1.000000000000000000, 0.9890807004938162450, 1.000000000000000000),
 ( 1.000000000000000000, 0.9451360809696989218, 1.000000000000000000),
 ( 1.000000000000000000, 0.9113588162807979565, 1.000000000000000000),
 ( 1.000000000000000000, 0.8442088516153798405, 1.000000000000000000),
 ( 1.000000000000000000, 0.8191127031950976578, 1.000000000000000000),
 ( 1.000000000000000000, 0.7640165771745054402, 1.000000000000000000),
 ( 1.000000000000000000, 0.7345772213217647284, 1.000000000000000000),
 ( 1.000000000000000000, 0.6906696745510969571, 1.000000000000000000),
 ( 1.000000000000000000, 0.6760073490664589846, 1.000000000000000000),
 ( 1.000000000000000000, 0.6482360136747656876, 1.000000000000000000),
 ( 1.000000000000000000, 0.6353018092878294221, 1.000000000000000000),
 ( 1.000000000000000000, 0.6129510309441484894, 1.000000000000000000),
 ( 1.000000000000000000, 0.6035087897145728908, 1.000000000000000000),
 ( 1.000000000000000000, 0.5907534741445134019, 1.000000000000000000),
 ( 1.000000000000000000, 0.5873254474410293247, 1.000000000000000000),
 ( 1.000000000000000000, 0.5873340108576021734, 1.000000000000000000) ) ) 
 REPRESENTATION_ITEM ( '' )  SURFACE ( )  );
#2387 = CARTESIAN_POINT ( 'NONE',  ( 0.9297354621420373944, 1.853899193866585193, 0.1189751604631367060 ) ) ;
#2388 = FILL_AREA_STYLE_COLOUR ( '', #2042 ) ;
#2389 = CARTESIAN_POINT ( 'NONE',  ( 1.696127815876268263, 0.9237604307033963069, 0.1959039938370448208 ) ) ;
#2390 = ORIENTED_EDGE ( 'NONE', *, *, #777, .F. ) ;
#2391 = DIRECTION ( 'NONE',  ( 0.000000000000000000, 0.000000000000000000, 1.000000000000000000 ) ) ;
#2392 = EDGE_CURVE ( 'NONE', #1201, #2453, #2597, .T. ) ;
#2393 = CARTESIAN_POINT ( 'NONE',  ( 2.216817027011955599, 2.562684167360805176, 0.2197285436918618162 ) ) ;
#2394 = DIRECTION ( 'NONE',  ( -0.000000000000000000, -0.000000000000000000, -1.000000000000000000 ) ) ;
#2395 = FACE_OUTER_BOUND ( 'NONE', #1317, .T. ) ;
#2396 = CARTESIAN_POINT ( 'NONE',  ( 2.250000000000000000, 4.100000000000000533, -0.1000000000000000472 ) ) ;
#2397 = CIRCLE ( 'NONE', #1082, 0.2500000000000003886 ) ;
#2398 = VERTEX_POINT ( 'NONE', #79 ) ;
#2399 = CIRCLE ( 'NONE', #1561, 1.399999999999999911 ) ;
#2400 = CARTESIAN_POINT ( 'NONE',  ( -1.500000000000000666, 0.9237604307033958628, 0.000000000000000000 ) ) ;
#2401 = CARTESIAN_POINT ( 'NONE',  ( 0.9395695627755729085, 3.208893800044263056, 1.499999977617973546 ) ) ;
#2402 = EDGE_LOOP ( 'NONE', ( #455, #1074, #2325, #511, #394 ) ) ;
#2403 = CARTESIAN_POINT ( 'NONE',  ( -2.249999999697031239, 2.766250719406000869, 0.02949218982211415999 ) ) ;
#2404 = ORIENTED_EDGE ( 'NONE', *, *, #268, .F. ) ;
#2405 = CARTESIAN_POINT ( 'NONE',  ( 2.077614770644702347, 1.495248937421257418, 0.1142618748669499834 ) ) ;
#2406 = CARTESIAN_POINT ( 'NONE',  ( 2.245176429993593459, 2.686470453411561987, 0.07582886964842755484 ) ) ;
#2407 = DIRECTION ( 'NONE',  ( 0.000000000000000000, 0.6245813303694220942, 0.7809597696129827460 ) ) ;
#2408 = CARTESIAN_POINT ( 'NONE',  ( -1.180173831851110577, 1.772234812493773681, 0.1630739033063970389 ) ) ;
#2409 = CARTESIAN_POINT ( 'NONE',  ( 0.8499999999999999778, 3.317712699598606374, -1.499999999999999778 ) ) ;
#2410 = CARTESIAN_POINT ( 'NONE',  ( 0.8499999999999997558, 4.100000000000000533, 0.1000000000000000472 ) ) ;
#2411 = ORIENTED_EDGE ( 'NONE', *, *, #2572, .F. ) ;
#2412 = CARTESIAN_POINT ( 'NONE',  ( -0.8965654685035915339, 2.952300402261392342, 1.467054822825295091 ) ) ;
#2413 = CARTESIAN_POINT ( 'NONE',  ( 0.9386300471259678702, 2.325852777518710113, 1.136047985878553712 ) ) ;
#2414 = CARTESIAN_POINT ( 'NONE',  ( -2.249999999999999556, 2.801304834897995644, 5.421010862427523403E-17 ) ) ;
#2415 = ORIENTED_EDGE ( 'NONE', *, *, #2444, .F. ) ;
#2416 = EDGE_LOOP ( 'NONE', ( #526, #466, #634 ) ) ;
#2417 = DIRECTION ( 'NONE',  ( 1.000000000000000000, 9.637352644315594010E-17, -0.000000000000000000 ) ) ;
#2418 = DIRECTION ( 'NONE',  ( 0.000000000000000000, 0.000000000000000000, 1.000000000000000000 ) ) ;
#2419 = LINE ( 'NONE', #1163, #192 ) ;
#2420 = CARTESIAN_POINT ( 'NONE',  ( -2.249999999999999112, 2.142570782904941851, -0.1630739033063970389 ) ) ;
#2421 = CARTESIAN_POINT ( 'NONE',  ( 1.005811988859113937, 3.263632342653036478, -1.499999999999999778 ) ) ;
#2422 =( LENGTH_UNIT ( ) NAMED_UNIT ( * ) SI_UNIT ( .MILLI., .METRE. ) );
#2423 = B_SPLINE_CURVE_WITH_KNOTS ( 'NONE', 3,
 ( #67, #277, #733, #2151, #1100, #707, #1786 ),
 .UNSPECIFIED., .F., .F.,
 ( 4, 3, 4 ),
 ( 0.000000000000000000, 0.0001297206800029785387, 0.0001377007808299170947 ),
 .UNSPECIFIED. ) ;
#2424 = CARTESIAN_POINT ( 'NONE',  ( -1.604777644181635265, 2.070223459015883449, 0.7667103507323907996 ) ) ;
#2425 = CARTESIAN_POINT ( 'NONE',  ( 0.9426789125901615662, 2.133038236686696898, 0.9323159585282420059 ) ) ;
#2426 = EDGE_CURVE ( 'NONE', #2613, #401, #1973, .T. ) ;
#2427 = CARTESIAN_POINT ( 'NONE',  ( 1.715086915925554845, 1.957402797699357100, 0.6909563116423916851 ) ) ;
#2428 = ORIENTED_EDGE ( 'NONE', *, *, #1052, .F. ) ;
#2429 = CARTESIAN_POINT ( 'NONE',  ( 0.9344387235401870884, 1.852784554691532914, -0.1377255678381621440 ) ) ;
#2430 = EDGE_CURVE ( 'NONE', #2613, #81, #1700, .T. ) ;
#2431 = CARTESIAN_POINT ( 'NONE',  ( 2.249999999999999556, 2.801304834897995644, 1.500000000000000000 ) ) ;
#2432 = CARTESIAN_POINT ( 'NONE',  ( -1.250000000000000222, 0.9237604307033958628, -4.743384504624081899E-17 ) ) ;
#2433 = FACE_OUTER_BOUND ( 'NONE', #1032, .T. ) ;
#2434 = CARTESIAN_POINT ( 'NONE',  ( 0.9200975500315033972, 2.686599038604878142, -1.373697690947823791 ) ) ;
#2435 = EDGE_LOOP ( 'NONE', ( #63, #884, #1517, #727 ) ) ;
#2436 = CARTESIAN_POINT ( 'NONE',  ( -2.349999999999998757, 0.2598076211353319009, 0.000000000000000000 ) ) ;
#2437 = EDGE_CURVE ( 'NONE', #1650, #2019, #2731, .T. ) ;
#2438 = CIRCLE ( 'NONE', #1522, 0.2500000000000003886 ) ;
#2439 = EDGE_CURVE ( 'NONE', #660, #328, #1851, .T. ) ;
#2440 = CARTESIAN_POINT ( 'NONE',  ( 0.9344658253952653482, 1.852779617638335097, 0.1378174673220144697 ) ) ;
#2441 = CARTESIAN_POINT ( 'NONE',  ( 0.8499999999999998668, 3.317712699598606374, 1.499999999999999778 ) ) ;
#2442 = ORIENTED_EDGE ( 'NONE', *, *, #651, .T. ) ;
#2443 = CARTESIAN_POINT ( 'NONE',  ( 0.8470389322291593803, 1.566787517589329548, -0.1685168436860366714 ) ) ;
#2444 = EDGE_CURVE ( 'NONE', #1323, #713, #389, .T. ) ;
#2445 = MECHANICAL_DESIGN_GEOMETRIC_PRESENTATION_REPRESENTATION (  '', ( #2623 ), #2216 ) ;
#2446 = ORIENTED_EDGE ( 'NONE', *, *, #2639, .F. ) ;
#2447 = CARTESIAN_POINT ( 'NONE',  ( 2.249983628955268600, 2.795582787934614899, -0.006026728960808857248 ) ) ;
#2448 = EDGE_LOOP ( 'NONE', ( #1304, #1043, #679, #2351 ) ) ;
#2449 = CARTESIAN_POINT ( 'NONE',  ( 1.157124566156403356, 1.705436113597805781, 0.2744802912991841093 ) ) ;
#2450 = CARTESIAN_POINT ( 'NONE',  ( 1.650000000000002132, 0.6639528095680637954, 0.000000000000000000 ) ) ;
#2451 = CARTESIAN_POINT ( 'NONE',  ( -2.077614770644702347, 1.495248937421257418, 0.1142618748669499834 ) ) ;
#2452 = CARTESIAN_POINT ( 'NONE',  ( -1.096982411943612679, 1.724740828859849806, 0.1177329052122600000 ) ) ;
#2453 = VERTEX_POINT ( 'NONE', #832 ) ;
#2454 = ADVANCED_FACE ( 'NONE', ( #1864 ), #1450, .T. ) ;
#2455 = CARTESIAN_POINT ( 'NONE',  ( -2.249999999999999556, 2.801304834897995644, -0.2118859317458439973 ) ) ;
#2456 = CARTESIAN_POINT ( 'NONE',  ( -1.916930865630733782, 1.893720492411297140, -1.152367701064169081 ) ) ;
#2457 = CARTESIAN_POINT ( 'NONE',  ( 0.9414143710880528149, 1.914235517309111678, 0.5128949902744072142 ) ) ;
#2458 = B_SPLINE_CURVE_WITH_KNOTS ( 'NONE', 3,
 ( #939, #2334, #1893, #449 ),
 .UNSPECIFIED., .F., .F.,
 ( 4, 4 ),
 ( 7.231660234249690173E-05, 0.0001445300754127737093 ),
 .UNSPECIFIED. ) ;
#2459 = ORIENTED_EDGE ( 'NONE', *, *, #907, .T. ) ;
#2460 = CARTESIAN_POINT ( 'NONE',  ( 2.249999999999999556, 2.801304834897995644, 1.500000000000000000 ) ) ;
#2461 = ORIENTED_EDGE ( 'NONE', *, *, #1937, .F. ) ;
#2462 = CARTESIAN_POINT ( 'NONE',  ( 0.9399549444195859360, 1.851779477782532046, -0.1564256359763289694 ) ) ;
#2463 = CARTESIAN_POINT ( 'NONE',  ( -1.348845459619861797, 1.895669497163989803, 0.5899961345600283069 ) ) ;
#2464 = CARTESIAN_POINT ( 'NONE',  ( -1.005811988859009132, 3.263632342653067564, 1.499999999999999778 ) ) ;
#2465 = CARTESIAN_POINT ( 'NONE',  ( 1.157832654187554100, 1.705020297629073145, -0.2769758589745386357 ) ) ;
#2466 = DIRECTION ( 'NONE',  ( -0.000000000000000000, -0.000000000000000000, -1.000000000000000000 ) ) ;
#2467 = EDGE_CURVE ( 'NONE', #149, #1143, #259, .T. ) ;
#2468 = CARTESIAN_POINT ( 'NONE',  ( -1.800000000000000488, 0.9237604307033959739, 3.061616997868387948E-17 ) ) ;
#2469 = EDGE_LOOP ( 'NONE', ( #948, #181, #668 ) ) ;
#2470 = CARTESIAN_POINT ( 'NONE',  ( 1.207528783153080321, 3.192270989246676738, 1.465374261767509179 ) ) ;
#2471 = DIRECTION ( 'NONE',  ( 0.000000000000000000, 1.000000000000000000, 0.000000000000000000 ) ) ;
#2472 = CIRCLE ( 'NONE', #2241, 0.2999999999999999334 ) ;
#2473 = CARTESIAN_POINT ( 'NONE',  ( 0.9429219852900331267, 2.075182044296415729, 0.8527041159445928331 ) ) ;
#2474 = ORIENTED_EDGE ( 'NONE', *, *, #2243, .T. ) ;
#2475 = DIRECTION ( 'NONE',  ( 0.9881923245754916652, 0.000000000000000000, 0.1532185682288088324 ) ) ;
#2476 = ORIENTED_EDGE ( 'NONE', *, *, #1168, .F. ) ;
#2477 = CARTESIAN_POINT ( 'NONE',  ( 1.073727544442729664, 1.743893591449154679, 0.04674785612260231454 ) ) ;
#2478 = CARTESIAN_POINT ( 'NONE',  ( -2.040058676372381363, 2.250212992125426581, 0.5056593805902310779 ) ) ;
#2479 =( BOUNDED_SURFACE ( )  B_SPLINE_SURFACE ( 3, 2, ( 
 ( #2108, #2328, #875 ),
 ( #1506, #221, #235 ),
 ( #1914, #1694, #7 ),
 ( #1078, #443, #1708 ),
 ( #1062, #1901, #865 ),
 ( #18, #2552, #1681 ),
 ( #667, #639, #1268 ),
 ( #2124, #2341, #2541 ),
 ( #1887, #654, #1284 ),
 ( #2729, #1480, #2528 ),
 ( #2313, #428, #1449 ),
 ( #2486, #1595, #368 ),
 ( #1636, #1237, #1020 ),
 ( #1405, #1391, #144 ),
 ( #991, #793, #2239 ),
 ( #1436, #2287, #2703 ),
 ( #2662, #1846, #1653 ),
 ( #350, #2020, #2037 ),
 ( #809, #1197, #1829 ),
 ( #2068, #1213, #2675 ) ),
 .UNSPECIFIED., .F., .F., .F. ) 
 B_SPLINE_SURFACE_WITH_KNOTS ( ( 4, 2, 2, 2, 2, 2, 2, 2, 2, 4 ),
 ( 3, 3 ),
 ( 5.108489586208575517E-16, 0.0003535424079880245874, 0.0007070848159755382988, 0.001060627223963052064, 0.001414169631950565722, 0.001767712039938079596, 0.002121254447925593253, 0.002474796855913106910, 0.002651568059906863738, 0.002828339263900620567 ),
 ( 0.000000000000000000, 1.000000000000000000 ),
 .UNSPECIFIED. ) 
 GEOMETRIC_REPRESENTATION_ITEM ( )  RATIONAL_B_SPLINE_SURFACE ( (
 ( 1.000000000000000000, 0.9394242159569229367, 1.000000000000000000),
 ( 1.000000000000000000, 0.9283714581830931900, 1.000000000000000000),
 ( 1.000000000000000000, 0.9229167845254702129, 1.000000000000000000),
 ( 1.000000000000000000, 0.9197891066865129250, 1.000000000000000000),
 ( 1.000000000000000000, 0.9223806655786505049, 1.000000000000000000),
 ( 1.000000000000000000, 0.9302202470378272414, 1.000000000000000000),
 ( 1.000000000000000000, 0.9358297784827801502, 1.000000000000000000),
 ( 1.000000000000000000, 0.9479840461990777234, 1.000000000000000000),
 ( 1.000000000000000000, 0.9545279870040193071, 1.000000000000000000),
 ( 1.000000000000000000, 0.9655780786823555673, 1.000000000000000000),
 ( 1.000000000000000000, 0.9702443802663760497, 1.000000000000000000),
 ( 1.000000000000000000, 0.9788151724095404127, 1.000000000000000000),
 ( 1.000000000000000000, 0.9827293103880989644, 1.000000000000000000),
 ( 1.000000000000000000, 0.9891751106552240103, 1.000000000000000000),
 ( 1.000000000000000000, 0.9916731131361220530, 1.000000000000000000),
 ( 1.000000000000000000, 0.9948410410328205611, 1.000000000000000000),
 ( 1.000000000000000000, 0.9957783854952608760, 1.000000000000000000),
 ( 1.000000000000000000, 0.9974193348156334959, 1.000000000000000000),
 ( 1.000000000000000000, 0.9981238104748696438, 1.000000000000000000),
 ( 1.000000000000000000, 0.9986698507590462404, 1.000000000000000000) ) ) 
 REPRESENTATION_ITEM ( '' )  SURFACE ( )  );
#2480 = VERTEX_POINT ( 'NONE', #603 ) ;
#2481 = CARTESIAN_POINT ( 'NONE',  ( 1.363988384016900479, 1.965425440762238685, 0.7203914764344292454 ) ) ;
#2482 = CARTESIAN_POINT ( 'NONE',  ( 1.492809547412220050, 1.838292200947740040, -0.6253650708874870512 ) ) ;
#2483 = CARTESIAN_POINT ( 'NONE',  ( 2.249812782852323334, 2.765725761750155609, 0.03746180991105640956 ) ) ;
#2484 = CARTESIAN_POINT ( 'NONE',  ( -1.247369152570042772, 1.725056322134552511, 0.4203292891356852357 ) ) ;
#2485 = SHAPE_DEFINITION_REPRESENTATION ( #319, #382 ) ;
#2486 = CARTESIAN_POINT ( 'NONE',  ( 1.986739737253821803, 2.195958887897206058, -0.5485624053965475477 ) ) ;
#2487 = FACE_OUTER_BOUND ( 'NONE', #1986, .T. ) ;
#2488 = CIRCLE ( 'NONE', #1302, 1.399999999999999911 ) ;
#2489 = FACE_OUTER_BOUND ( 'NONE', #2104, .T. ) ;
#2490 = EDGE_LOOP ( 'NONE', ( #1211, #1285, #1610, #522, #231 ) ) ;
#2491 = CYLINDRICAL_SURFACE ( 'NONE', #2593, 0.9999999999999997780 ) ;
#2492 = VECTOR ( 'NONE', #78, 1000.000000000000000 ) ;
#2493 = CARTESIAN_POINT ( 'NONE',  ( 0.9399549444228513240, 1.851779477781445582, 0.1564256359757639214 ) ) ;
#2494 = CARTESIAN_POINT ( 'NONE',  ( -1.284656532447894239, 1.936234762330043990, 0.6816141288317755231 ) ) ;
#2495 = AXIS2_PLACEMENT_3D ( 'NONE', #1755, #923, #897 ) ;
#2496 = VERTEX_POINT ( 'NONE', #1454 ) ;
#2497 = FACE_OUTER_BOUND ( 'NONE', #1380, .T. ) ;
#2498 = CARTESIAN_POINT ( 'NONE',  ( 2.249983903323338641, 2.794660800856038740, 0.004420244535592614786 ) ) ;
#2499 = CARTESIAN_POINT ( 'NONE',  ( -2.250000000000004441, 2.763002957471001775, -0.02548385999298047669 ) ) ;
#2500 = CARTESIAN_POINT ( 'NONE',  ( -0.9257705226150996225, 1.855170880945158141, 0.1000000000000023509 ) ) ;
#2501 = ORIENTED_EDGE ( 'NONE', *, *, #2522, .F. ) ;
#2502 = EDGE_LOOP ( 'NONE', ( #935, #2698, #1999, #439, #2651 ) ) ;
#2503 = CARTESIAN_POINT ( 'NONE',  ( 0.8499999999999996447, 3.317712699598606374, 1.500000000000000000 ) ) ;
#2504 = CARTESIAN_POINT ( 'NONE',  ( -0.9414143710880528149, 1.914235517309111678, -0.5128949902744071032 ) ) ;
#2505 = CARTESIAN_POINT ( 'NONE',  ( 0.9343549866493824352, 2.451573789249728463, -1.244592123015516361 ) ) ;
#2506 = CARTESIAN_POINT ( 'NONE',  ( -1.068679564664605675, 1.748765809586256825, 0.02408243483361167600 ) ) ;
#2507 = EDGE_CURVE ( 'NONE', #73, #1203, #2182, .T. ) ;
#2508 = CARTESIAN_POINT ( 'NONE',  ( -0.9585404103307486601, 1.849565750348065141, -0.2470694229869197234 ) ) ;
#2509 = CARTESIAN_POINT ( 'NONE',  ( 1.715086915925553956, 1.957402797699356656, -0.6909563116423923512 ) ) ;
#2510 = CARTESIAN_POINT ( 'NONE',  ( -2.249999999999999556, 2.801304834897995644, 0.000000000000000000 ) ) ;
#2511 = CARTESIAN_POINT ( 'NONE',  ( -2.245176429993597456, 2.686470453411608617, -0.07582886964839753718 ) ) ;
#2512 = CARTESIAN_POINT ( 'NONE',  ( -1.642413077192877102, 1.934516716109738077, 0.6467657495608554186 ) ) ;
#2513 = CARTESIAN_POINT ( 'NONE',  ( -1.086413499043842323, 1.732209941916627693, -0.08603492180732881522 ) ) ;
#2514 = CIRCLE ( 'NONE', #794, 1.000000000000000000 ) ;
#2515 = ORIENTED_EDGE ( 'NONE', *, *, #675, .F. ) ;
#2516 = CARTESIAN_POINT ( 'NONE',  ( -1.180173831851110577, 1.772234812493773681, -0.1630739033063970389 ) ) ;
#2517 = CARTESIAN_POINT ( 'NONE',  ( 0.000000000000000000, -1.031250000000000000, -0.1000000000000000472 ) ) ;
#2518 = CARTESIAN_POINT ( 'NONE',  ( -2.245958496447606922, 2.802896944141092916, -0.2221925516346546225 ) ) ;
#2519 = DIRECTION ( 'NONE',  ( -0.000000000000000000, -0.000000000000000000, -1.000000000000000000 ) ) ;
#2520 = VECTOR ( 'NONE', #718, 1000.000000000000114 ) ;
#2521 = FACE_OUTER_BOUND ( 'NONE', #1631, .T. ) ;
#2522 = EDGE_CURVE ( 'NONE', #947, #171, #109, .T. ) ;
#2523 = CARTESIAN_POINT ( 'NONE',  ( -1.798338747651117453, 2.041883152015210090, 0.6349847516875155584 ) ) ;
#2524 = VERTEX_POINT ( 'NONE', #163 ) ;
#2525 = CARTESIAN_POINT ( 'NONE',  ( -2.245426812623729784, 2.705777557590617999, 0.1000000000000000472 ) ) ;
#2526 = EDGE_CURVE ( 'NONE', #1105, #2224, #619, .T. ) ;
#2527 = CARTESIAN_POINT ( 'NONE',  ( -1.539734998555356782, 3.071868143022935094, 1.331396904683058491 ) ) ;
#2528 = CARTESIAN_POINT ( 'NONE',  ( 1.766169143338332859, 2.153830429375655608, -0.7400880761523825901 ) ) ;
#2529 = CARTESIAN_POINT ( 'NONE',  ( -2.077614770644702347, 1.495248937421257418, 0.1142618748669499834 ) ) ;
#2530 = CARTESIAN_POINT ( 'NONE',  ( -1.606203967584135084, 2.070925899999263464, -0.7666061814586708767 ) ) ;
#2531 = EDGE_CURVE ( 'NONE', #255, #296, #1891, .T. ) ;
#2532 = DIRECTION ( 'NONE',  ( -0.000000000000000000, 0.000000000000000000, -1.000000000000000000 ) ) ;
#2533 = CARTESIAN_POINT ( 'NONE',  ( 1.889731026511903833, 2.940691947257374039, -1.041916383839798677 ) ) ;
#2534 = FACE_OUTER_BOUND ( 'NONE', #567, .T. ) ;
#2535 = CARTESIAN_POINT ( 'NONE',  ( -2.236390767087927500, 2.641127190733244756, -0.1651866941903723796 ) ) ;
#2536 = CARTESIAN_POINT ( 'NONE',  ( -1.800000000000000488, 0.9237604307033959739, 0.000000000000000000 ) ) ;
#2537 = VERTEX_POINT ( 'NONE', #194 ) ;
#2538 = VECTOR ( 'NONE', #412, 1000.000000000000114 ) ;
#2539 = CARTESIAN_POINT ( 'NONE',  ( 1.750000000000000888, 0.9237604307033958628, 2.710505431213761085E-17 ) ) ;
#2540 = CARTESIAN_POINT ( 'NONE',  ( -2.248486198034076899, 2.737657397089807709, -0.06685486229108976441 ) ) ;
#2541 = CARTESIAN_POINT ( 'NONE',  ( 1.523770648411080009, 2.032539086066672329, -0.7626512999785409752 ) ) ;
#2542 = ORIENTED_EDGE ( 'NONE', *, *, #2467, .F. ) ;
#2543 = CYLINDRICAL_SURFACE ( 'NONE', #488, 1.399999999999999911 ) ;
#2544 = CARTESIAN_POINT ( 'NONE',  ( -2.205477321453969797, 2.533968885397888560, -0.2545247764517806766 ) ) ;
#2545 = CARTESIAN_POINT ( 'NONE',  ( -0.9399549444228643136, 1.851779477781937411, 0.1564256359874431068 ) ) ;
#2546 = EDGE_CURVE ( 'NONE', #703, #2002, #2014, .T. ) ;
#2547 = ORIENTED_EDGE ( 'NONE', *, *, #1052, .T. ) ;
#2548 = CARTESIAN_POINT ( 'NONE',  ( -2.500000000000000444, -6.999999999999999112, 0.000000000000000000 ) ) ;
#2549 = DIRECTION ( 'NONE',  ( -0.000000000000000000, 0.000000000000000000, -1.000000000000000000 ) ) ;
#2550 = ORIENTED_EDGE ( 'NONE', *, *, #2467, .T. ) ;
#2551 = CARTESIAN_POINT ( 'NONE',  ( 2.250000000000000000, 5.500000000000000888, 1.500000000000000000 ) ) ;
#2552 = CARTESIAN_POINT ( 'NONE',  ( 1.347551150709929368, 1.895151643275080788, -0.5891137665128719503 ) ) ;
#2553 = ORIENTED_EDGE ( 'NONE', *, *, #792, .T. ) ;
#2554 = CARTESIAN_POINT ( 'NONE',  ( 2.245176429993595235, 2.686470453411624160, 0.07582886964842926181 ) ) ;
#2555 = CARTESIAN_POINT ( 'NONE',  ( 2.209478057251889727, 2.559054231435935911, -0.2718659252629770928 ) ) ;
#2556 = CARTESIAN_POINT ( 'NONE',  ( -2.235688430502422719, 2.608249825690791113, -0.1366976526642003364 ) ) ;
#2557 = EDGE_CURVE ( 'NONE', #558, #947, #1005, .T. ) ;
#2558 = CARTESIAN_POINT ( 'NONE',  ( 1.124227636552581178, 1.707206193019520812, 0.1972878309021581233 ) ) ;
#2559 = CARTESIAN_POINT ( 'NONE',  ( 1.913886882711747450, 2.130791072797181940, 0.5919958753161447262 ) ) ;
#2560 = AXIS2_PLACEMENT_3D ( 'NONE', #806, #977, #1801 ) ;
#2561 = CARTESIAN_POINT ( 'NONE',  ( -2.250000000000160760, 2.801304869776259032, 0.1615644133264024507 ) ) ;
#2562 = CARTESIAN_POINT ( 'NONE',  ( 0.9429948539303804056, 2.179458921016651729, 1.002187555678130115 ) ) ;
#2563 = ORIENTED_EDGE ( 'NONE', *, *, #463, .F. ) ;
#2564 = VERTEX_POINT ( 'NONE', #1880 ) ;
#2565 = CARTESIAN_POINT ( 'NONE',  ( 1.340178567803194998, 1.266657263374026954, -0.3420052851429720153 ) ) ;
#2566 = AXIS2_PLACEMENT_3D ( 'NONE', #188, #612, #1034 ) ;
#2567 = CARTESIAN_POINT ( 'NONE',  ( 1.078343322145599359, 1.872423116641637408, -0.4936641241356121701 ) ) ;
#2568 = CARTESIAN_POINT ( 'NONE',  ( -1.975224440527203473, 2.289351650767666779, -0.6285352892082245457 ) ) ;
#2569 = DIRECTION ( 'NONE',  ( -0.8660254037844413721, -0.4999999999999956701, -0.000000000000000000 ) ) ;
#2570 = EDGE_LOOP ( 'NONE', ( #155, #743, #1738, #2028, #1915 ) ) ;
#2571 = CARTESIAN_POINT ( 'NONE',  ( -0.9399224806201564864, 1.850593558024077767, 0.09999999999638463366 ) ) ;
#2572 = EDGE_CURVE ( 'NONE', #1676, #2329, #1844, .T. ) ;
#2573 = CARTESIAN_POINT ( 'NONE',  ( 0.8757613643337699427, 3.135666103355994494, 1.500000000000000222 ) ) ;
#2574 = ADVANCED_FACE ( 'NONE', ( #422 ), #2260, .T. ) ;
#2575 = CARTESIAN_POINT ( 'NONE',  ( 2.134190470159907260, 2.107195210869635904, 0.4881065764488994874 ) ) ;
#2576 = AXIS2_PLACEMENT_3D ( 'NONE', #1171, #1377, #283 ) ;
#2577 = CIRCLE ( 'NONE', #195, 0.2999999999999999889 ) ;
#2578 = CARTESIAN_POINT ( 'NONE',  ( 1.766167392819006476, 2.153883353182162175, 0.7398953037252146148 ) ) ;
#2579 = CARTESIAN_POINT ( 'NONE',  ( 1.096982411943217661, 1.724740828860148678, 0.1177329052112457280 ) ) ;
#2580 = CARTESIAN_POINT ( 'NONE',  ( -0.9257705226149717248, 1.855170880945327117, 0.1000000000000000194 ) ) ;
#2581 = AXIS2_PLACEMENT_3D ( 'NONE', #2288, #1238, #2082 ) ;
#2582 = CARTESIAN_POINT ( 'NONE',  ( 0.000000000000000000, 0.9237604307033958628, 0.000000000000000000 ) ) ;
#2583 = CARTESIAN_POINT ( 'NONE',  ( -0.9426789125901617883, 2.133038236687120559, 0.9323159585287880136 ) ) ;
#2584 = CARTESIAN_POINT ( 'NONE',  ( -2.099559262276244009, 2.860111371230860566, -0.7383114977910645305 ) ) ;
#2585 = ADVANCED_FACE ( 'NONE', ( #1259 ), #2491, .T. ) ;
#2586 = ORIENTED_EDGE ( 'NONE', *, *, #324, .T. ) ;
#2587 = CARTESIAN_POINT ( 'NONE',  ( 1.987436202841508237, 1.468830940709419108, 0.3420052851429721263 ) ) ;
#2588 = DIRECTION ( 'NONE',  ( -1.000000000000000000, 0.000000000000000000, 0.000000000000000000 ) ) ;
#2589 = CYLINDRICAL_SURFACE ( 'NONE', #1121, 1.399999999999999911 ) ;
#2590 = CARTESIAN_POINT ( 'NONE',  ( 1.650000000000002132, 0.6639528095680637954, 0.000000000000000000 ) ) ;
#2591 = DIRECTION ( 'NONE',  ( 9.637352644315594010E-17, -1.000000000000000000, 0.000000000000000000 ) ) ;
#2592 = EDGE_LOOP ( 'NONE', ( #1569, #1492, #1813 ) ) ;
#2593 = AXIS2_PLACEMENT_3D ( 'NONE', #2666, #2679, #798 ) ;
#2594 = CARTESIAN_POINT ( 'NONE',  ( -2.180505923056726303, 1.521684076892881876, 0.6440639338042368767 ) ) ;
#2595 = CARTESIAN_POINT ( 'NONE',  ( 1.979581617652840020, 2.906399953600860009, 0.9323159575528691123 ) ) ;
#2596 = ORIENTED_EDGE ( 'NONE', *, *, #696, .F. ) ;
#2597 = LINE ( 'NONE', #714, #1056 ) ;
#2598 = ADVANCED_FACE ( 'NONE', ( #2738 ), #613, .F. ) ;
#2599 = EDGE_LOOP ( 'NONE', ( #914, #186, #729 ) ) ;
#2600 = ORIENTED_EDGE ( 'NONE', *, *, #2655, .T. ) ;
#2601 = ADVANCED_FACE ( 'NONE', ( #698 ), #482, .T. ) ;
#2602 = CARTESIAN_POINT ( 'NONE',  ( 2.077614770644702347, 1.495248937421257418, 0.000000000000000000 ) ) ;
#2603 = CARTESIAN_POINT ( 'NONE',  ( 2.235676499891957381, 2.608179860692645402, 0.1367606246415002114 ) ) ;
#2604 = AXIS2_PLACEMENT_3D ( 'NONE', #674, #1094, #35 ) ;
#2605 = CYLINDRICAL_SURFACE ( 'NONE', #547, 3.031249999999999556 ) ;
#2606 = CARTESIAN_POINT ( 'NONE',  ( 2.250000000000001332, 1.423307590889733021, -0.09999999998836978099 ) ) ;
#2607 = CARTESIAN_POINT ( 'NONE',  ( 1.249999999999999556, 2.801304834897995644, 0.1000000000000000472 ) ) ;
#2608 = ORIENTED_EDGE ( 'NONE', *, *, #932, .T. ) ;
#2609 = CARTESIAN_POINT ( 'NONE',  ( -1.078588735225609163, 1.872474647423197247, 0.4941241660837742966 ) ) ;
#2610 = SURFACE_SIDE_STYLE ('',( #327 ) ) ;
#2611 = ORIENTED_EDGE ( 'NONE', *, *, #1150, .T. ) ;
#2612 = CARTESIAN_POINT ( 'NONE',  ( 1.250000000000000222, 0.9237604307033958628, 0.06544984642750290016 ) ) ;
#2613 = VERTEX_POINT ( 'NONE', #2164 ) ;
#2614 = CARTESIAN_POINT ( 'NONE',  ( 2.249999999999999112, 2.142570782904941851, 0.1630739033063970111 ) ) ;
#2615 = VECTOR ( 'NONE', #1088, 1000.000000000000000 ) ;
#2616 = CARTESIAN_POINT ( 'NONE',  ( -2.225000000000000533, 0.04330127018922123872, 0.000000000000000000 ) ) ;
#2617 = CARTESIAN_POINT ( 'NONE',  ( -2.500000000000000444, -1.734723475976807094E-15, 0.000000000000000000 ) ) ;
#2618 = CARTESIAN_POINT ( 'NONE',  ( -0.9399224806201544880, 1.850593558024074214, -0.2118859317458439140 ) ) ;
#2619 = CARTESIAN_POINT ( 'NONE',  ( 0.9417570773446848342, 1.932777915026496540, -0.5662956294271814794 ) ) ;
#2620 = CARTESIAN_POINT ( 'NONE',  ( -0.9399549444195842707, 1.851779477782534933, 0.1564256359763259718 ) ) ;
#2621 = VECTOR ( 'NONE', #2034, 1000.000000000000000 ) ;
#2622 = B_SPLINE_CURVE_WITH_KNOTS ( 'NONE', 3,
 ( #1773, #56, #913, #520 ),
 .UNSPECIFIED., .F., .F.,
 ( 4, 4 ),
 ( 0.000000000000000000, 5.171347201508731922E-05 ),
 .UNSPECIFIED. ) ;
#2623 = STYLED_ITEM ( 'NONE', ( #491 ), #992 ) ;
#2624 = EDGE_CURVE ( 'NONE', #1231, #2398, #1404, .T. ) ;
#2625 = CARTESIAN_POINT ( 'NONE',  ( -0.8499999999999998668, 3.317712699598606374, -1.499999999999999778 ) ) ;
#2626 = ORIENTED_EDGE ( 'NONE', *, *, #1255, .T. ) ;
#2627 = CARTESIAN_POINT ( 'NONE',  ( -2.248397786827571743, 2.724720424228413762, 0.05079422896493975687 ) ) ;
#2628 = VERTEX_POINT ( 'NONE', #270 ) ;
#2629 = PLANE ( 'NONE',  #1157 ) ;
#2630 = CARTESIAN_POINT ( 'NONE',  ( 2.167973947025855885, 2.480215945503855046, 0.3826408079437723653 ) ) ;
#2631 = SURFACE_STYLE_USAGE ( .BOTH. , #505 ) ;
#2632 = CARTESIAN_POINT ( 'NONE',  ( -1.750000000000001110, 0.9237604307033958628, 1.355252715606880543E-17 ) ) ;
#2633 = CARTESIAN_POINT ( 'NONE',  ( 1.451552630093534857, 3.104071437307912351, -1.373697690273003369 ) ) ;
#2634 = EDGE_CURVE ( 'NONE', #2667, #379, #2187, .T. ) ;
#2635 = FACE_OUTER_BOUND ( 'NONE', #626, .T. ) ;
#2636 = CARTESIAN_POINT ( 'NONE',  ( 1.859150133784362335, 2.952282563204298604, 1.074843829348762991 ) ) ;
#2637 = CARTESIAN_POINT ( 'NONE',  ( 0.9399224806201544880, 1.850593558024074214, -0.2118859317458439140 ) ) ;
#2638 = AXIS2_PLACEMENT_3D ( 'NONE', #931, #782, #2475 ) ;
#2639 = EDGE_CURVE ( 'NONE', #1203, #171, #1277, .T. ) ;
#2640 = CARTESIAN_POINT ( 'NONE',  ( 1.024106144412777253, 1.823631398749787635, -0.08318468573892195961 ) ) ;
#2641 = CARTESIAN_POINT ( 'NONE',  ( -2.500000000000000444, -1.734723475976807094E-15, -0.2500000000000003886 ) ) ;
#2642 = CARTESIAN_POINT ( 'NONE',  ( -0.8341478729541089709, 1.569504484480634954, -0.09999999999999989453 ) ) ;
#2643 = CARTESIAN_POINT ( 'NONE',  ( -1.295983361691202207, 1.807610384529080516, 0.4881065764488988212 ) ) ;
#2644 = CARTESIAN_POINT ( 'NONE',  ( 1.871038903017014032, 1.958247283470756717, -1.200852315172752149 ) ) ;
#2645 = EDGE_CURVE ( 'NONE', #570, #245, #2514, .T. ) ;
#2646 = ORIENTED_EDGE ( 'NONE', *, *, #557, .F. ) ;
#2647 = EDGE_CURVE ( 'NONE', #1531, #558, #2622, .T. ) ;
#2648 = CARTESIAN_POINT ( 'NONE',  ( -0.9401661374610043032, 1.859517023876510855, 0.3404239343004522578 ) ) ;
#2649 = LINE ( 'NONE', #1364, #2492 ) ;
#2650 = DIRECTION ( 'NONE',  ( 0.000000000000000000, 1.000000000000000000, 0.000000000000000000 ) ) ;
#2651 = ORIENTED_EDGE ( 'NONE', *, *, #1961, .F. ) ;
#2652 = ADVANCED_FACE ( 'NONE', ( #736 ), #88, .T. ) ;
#2653 =( BOUNDED_SURFACE ( )  B_SPLINE_SURFACE ( 3, 2, ( 
 ( #2218, #2640, #1795 ),
 ( #342, #2044, #1628 ),
 ( #556, #1575, #784 ),
 ( #2654, #122, #1396 ),
 ( #1189, #1836, #2477 ),
 ( #1586, #1175, #571 ) ),
 .UNSPECIFIED., .F., .F., .F. ) 
 B_SPLINE_SURFACE_WITH_KNOTS ( ( 4, 2, 4 ),
 ( 3, 3 ),
 ( 1.696369824125132375E-16, 9.999999999967250797E-05, 0.0001999999999991753654 ),
 ( 0.000000000000000000, 1.000000000000000000 ),
 .UNSPECIFIED. ) 
 GEOMETRIC_REPRESENTATION_ITEM ( )  RATIONAL_B_SPLINE_SURFACE ( (
 ( 1.000000000000000000, 0.9442211217126322831, 1.000000000000000000),
 ( 1.000000000000000000, 0.9477204086900021807, 1.000000000000000000),
 ( 1.000000000000000000, 0.9502639002329149598, 1.000000000000000000),
 ( 1.000000000000000000, 0.9502639002328632234, 1.000000000000000000),
 ( 1.000000000000000000, 0.9477204086898958213, 1.000000000000000000),
 ( 1.000000000000000000, 0.9442211217124080180, 1.000000000000000000) ) ) 
 REPRESENTATION_ITEM ( '' )  SURFACE ( )  );
#2654 = CARTESIAN_POINT ( 'NONE',  ( 0.9170338199823134806, 1.857958461760529367, 0.03333333333367701629 ) ) ;
#2655 = EDGE_CURVE ( 'NONE', #2072, #570, #227, .T. ) ;
#2656 = EDGE_LOOP ( 'NONE', ( #816, #1956, #1423, #933 ) ) ;
#2657 = CARTESIAN_POINT ( 'NONE',  ( 1.233504656095540275, 1.852443219334652280, 0.4918830492733541893 ) ) ;
#2658 = DIRECTION ( 'NONE',  ( 9.637352644315594010E-17, -1.000000000000000000, 0.000000000000000000 ) ) ;
#2659 = CARTESIAN_POINT ( 'NONE',  ( -1.663807385322350285, 1.367744102041722254, -0.4841335630863357053 ) ) ;
#2660 = DIRECTION ( 'NONE',  ( 0.000000000000000000, 0.000000000000000000, 1.000000000000000000 ) ) ;
#2661 =( NAMED_UNIT ( * ) PLANE_ANGLE_UNIT ( ) SI_UNIT ( $, .RADIAN. ) );
#2662 = CARTESIAN_POINT ( 'NONE',  ( 2.218964711076028440, 2.540799819628421385, -0.2026865760003582206 ) ) ;
#2663 = AXIS2_PLACEMENT_3D ( 'NONE', #274, #1963, #920 ) ;
#2664 = DIRECTION ( 'NONE',  ( 0.000000000000000000, 1.000000000000000000, 0.000000000000000000 ) ) ;
#2665 = CARTESIAN_POINT ( 'NONE',  ( 0.9401661374609536770, 1.859517023874616815, -0.3404239342906961174 ) ) ;
#2666 = CARTESIAN_POINT ( 'NONE',  ( -1.249999999999999556, 2.801304834897995644, 1.500000000000000000 ) ) ;
#2667 = VERTEX_POINT ( 'NONE', #1361 ) ;
#2668 = CARTESIAN_POINT ( 'NONE',  ( -1.085151008752602397, 1.874164303618831573, 0.5034264911583247182 ) ) ;
#2669 = ADVANCED_FACE ( 'NONE', ( #2534 ), #1894, .T. ) ;
#2670 = ORIENTED_EDGE ( 'NONE', *, *, #1881, .F. ) ;
#2671 = DIRECTION ( 'NONE',  ( 0.000000000000000000, 0.000000000000000000, -1.000000000000000000 ) ) ;
#2672 = LINE ( 'NONE', #560, #369 ) ;
#2673 = CARTESIAN_POINT ( 'NONE',  ( -2.151731986470487801, 2.392873821262499145, 0.3647309212081726315 ) ) ;
#2674 = ORIENTED_EDGE ( 'NONE', *, *, #1657, .F. ) ;
#2675 = CARTESIAN_POINT ( 'NONE',  ( 2.245426812625837876, 2.705777557612572437, -0.1000000000000083461 ) ) ;
#2676 = CARTESIAN_POINT ( 'NONE',  ( 2.500000000000000444, -6.999999999999999112, -0.2500000000000003886 ) ) ;
#2677 = CARTESIAN_POINT ( 'NONE',  ( 1.743956604546154976, 2.136450223857076391, 1.313861253158501441 ) ) ;
#2678 = ORIENTED_EDGE ( 'NONE', *, *, #198, .T. ) ;
#2679 = DIRECTION ( 'NONE',  ( -0.000000000000000000, -0.000000000000000000, -1.000000000000000000 ) ) ;
#2680 = CARTESIAN_POINT ( 'NONE',  ( 1.035278521609992897, 1.819543492064452650, 0.1164891245847583662 ) ) ;
#2681 = CARTESIAN_POINT ( 'NONE',  ( 1.594961240310075912, 2.325949196461033264, -0.8977790601984488861 ) ) ;
#2682 =( GEOMETRIC_REPRESENTATION_CONTEXT ( 3 ) GLOBAL_UNCERTAINTY_ASSIGNED_CONTEXT ( ( #468 ) ) GLOBAL_UNIT_ASSIGNED_CONTEXT ( ( #749, #1374, #761 ) ) REPRESENTATION_CONTEXT ( 'NONE', 'WORKASPACE' ) );
#2683 = CARTESIAN_POINT ( 'NONE',  ( 2.244505259965251742, 2.696174664557609901, 0.08788221935069247259 ) ) ;
#2684 = CARTESIAN_POINT ( 'NONE',  ( 1.302204829572250810, 1.747591797204040676, -0.4822231186049960594 ) ) ;
#2685 = DIRECTION ( 'NONE',  ( 0.9762043058954728014, 0.000000000000000000, -0.2168528375445850087 ) ) ;
#2686 = CARTESIAN_POINT ( 'NONE',  ( -1.430334596017343696, 1.808621375731393588, 0.5782120575225634385 ) ) ;
#2687 = ORIENTED_EDGE ( 'NONE', *, *, #2645, .T. ) ;
#2688 = CARTESIAN_POINT ( 'NONE',  ( 2.249999999999999556, 2.801304834897994755, 0.2905674257241978031 ) ) ;
#2689 = B_SPLINE_CURVE_WITH_KNOTS ( 'NONE', 3,
 ( #200, #2387, #2440, #1363 ),
 .UNSPECIFIED., .F., .F.,
 ( 4, 4 ),
 ( 9.486769009248163798E-20, 5.827994365743039719E-05 ),
 .UNSPECIFIED. ) ;
#2690 = CARTESIAN_POINT ( 'NONE',  ( -2.250000000000001776, 2.801304834897999640, -0.09999999999506432868 ) ) ;
#2691 = AXIS2_PLACEMENT_3D ( 'NONE', #2400, #2199, #509 ) ;
#2692 = CARTESIAN_POINT ( 'NONE',  ( 2.250000000000001332, 1.423307590889732799, 0.09999999998836966997 ) ) ;
#2693 = ORIENTED_EDGE ( 'NONE', *, *, #1669, .T. ) ;
#2694 = CARTESIAN_POINT ( 'NONE',  ( -0.8499999999999998668, 5.500000000000000888, -1.500000000000000000 ) ) ;
#2695 = DIRECTION ( 'NONE',  ( 1.000000000000000000, 0.000000000000000000, 0.000000000000000000 ) ) ;
#2696 = CARTESIAN_POINT ( 'NONE',  ( 1.081117966712989986, 1.953057831234179753, -0.6342078677548265153 ) ) ;
#2697 = B_SPLINE_CURVE_WITH_KNOTS ( 'NONE', 3,
 ( #1282, #426, #201, #2498, #1870, #818, #1505 ),
 .UNSPECIFIED., .F., .F.,
 ( 4, 3, 4 ),
 ( -7.980100826938550914E-06, 0.000000000000000000, 0.0001297206800030930576 ),
 .UNSPECIFIED. ) ;
#2698 = ORIENTED_EDGE ( 'NONE', *, *, #1669, .F. ) ;
#2699 = CARTESIAN_POINT ( 'NONE',  ( 1.041289671170738007, 1.817742933213299938, 0.1328942522285893602 ) ) ;
#2700 = CARTESIAN_POINT ( 'NONE',  ( -0.8499999999999998668, 4.100000000000000533, 0.1000000000000000472 ) ) ;
#2701 = CARTESIAN_POINT ( 'NONE',  ( -2.235676499893056945, 2.608179860698211172, 0.1367606246361841027 ) ) ;
#2702 = CARTESIAN_POINT ( 'NONE',  ( -0.9200343683188507704, 1.857010655108273234, 0.06666584465455860364 ) ) ;
#2703 = CARTESIAN_POINT ( 'NONE',  ( 2.208878957829079059, 2.557670212278313482, -0.2737768953512286219 ) ) ;
#2704 = EDGE_CURVE ( 'NONE', #171, #1750, #1593, .T. ) ;
#2705 = CARTESIAN_POINT ( 'NONE',  ( -1.527469875352079232, 2.436657572776692593, -1.417132019828864387 ) ) ;
#2706 = CARTESIAN_POINT ( 'NONE',  ( 2.234854654020198339, 1.444760254492276852, 0.3860869650618171112 ) ) ;
#2707 = DIRECTION ( 'NONE',  ( -0.000000000000000000, -1.000000000000000000, -0.000000000000000000 ) ) ;
#2708 = CIRCLE ( 'NONE', #102, 0.2500000000000003886 ) ;
#2709 = CARTESIAN_POINT ( 'NONE',  ( 1.068679564664602344, 1.748765809586256603, -6.735269736742977457E-14 ) ) ;
#2710 = CARTESIAN_POINT ( 'NONE',  ( 2.249999999999999556, 2.801304834897995644, -0.2118859317458439973 ) ) ;
#2711 = CIRCLE ( 'NONE', #600, 3.031249999999999556 ) ;
#2712 = CARTESIAN_POINT ( 'NONE',  ( -0.9407675056229413135, 1.883434967046511810, 0.4009142888902246793 ) ) ;
#2713 = DIRECTION ( 'NONE',  ( 0.000000000000000000, 0.000000000000000000, 1.000000000000000000 ) ) ;
#2714 = CARTESIAN_POINT ( 'NONE',  ( -1.714256838504961022, 1.982753872908932458, 0.6477711468705364961 ) ) ;
#2715 = CARTESIAN_POINT ( 'NONE',  ( -1.029618876447476961, 1.821475396218952492, -0.09994631714557848656 ) ) ;
#2716 = ORIENTED_EDGE ( 'NONE', *, *, #2219, .F. ) ;
#2717 = CARTESIAN_POINT ( 'NONE',  ( -2.249999999999999556, 2.801304834897995644, 0.2118859317458441083 ) ) ;
#2718 = CARTESIAN_POINT ( 'NONE',  ( -1.798302929415086737, 2.041822880280260488, -0.6351553458393931484 ) ) ;
#2719 = EDGE_CURVE ( 'NONE', #58, #1650, #393, .T. ) ;
#2720 = CARTESIAN_POINT ( 'NONE',  ( -0.9399224558533406659, 1.850593566101626175, -0.1615644132339214278 ) ) ;
#2721 = CARTESIAN_POINT ( 'NONE',  ( 2.180505923057410644, 1.521684076891928417, 0.6440639338018810944 ) ) ;
#2722 = CARTESIAN_POINT ( 'NONE',  ( -1.074055701474453173, 1.743591296870720342, -0.04776376130526226171 ) ) ;
#2723 = EDGE_CURVE ( 'NONE', #2002, #1323, #31, .T. ) ;
#2724 = DIRECTION ( 'NONE',  ( -1.000000000000000000, 0.000000000000000000, 0.000000000000000000 ) ) ;
#2725 = FACE_OUTER_BOUND ( 'NONE', #1298, .T. ) ;
#2726 = ORIENTED_EDGE ( 'NONE', *, *, #1150, .F. ) ;
#2727 = CARTESIAN_POINT ( 'NONE',  ( -2.249994636232158118, 2.796875746072269742, 0.002947260728938987454 ) ) ;
#2728 = CARTESIAN_POINT ( 'NONE',  ( -2.248172544067532197, 2.731157653922474893, -0.05885043399115327117 ) ) ;
#2729 = CARTESIAN_POINT ( 'NONE',  ( 1.798302929413489126, 2.041822880279147157, -0.6351553458397815044 ) ) ;
#2730 = ADVANCED_FACE ( 'NONE', ( #1071 ), #723, .T. ) ;
#2731 = CIRCLE ( 'NONE', #2067, 0.2500000000000003886 ) ;
#2732 = ORIENTED_EDGE ( 'NONE', *, *, #1952, .F. ) ;
#2733 = AXIS2_PLACEMENT_3D ( 'NONE', #1081, #683, #2368 ) ;
#2734 = CARTESIAN_POINT ( 'NONE',  ( -1.500000000000001332, 0.9237604307033951967, 0.2773108145302787819 ) ) ;
#2735 = CARTESIAN_POINT ( 'NONE',  ( -1.347551150710815770, 1.895151643275365894, -0.5891137665135401935 ) ) ;
#2736 = DIRECTION ( 'NONE',  ( 0.000000000000000000, 0.000000000000000000, 1.000000000000000000 ) ) ;
#2737 = DIRECTION ( 'NONE',  ( 1.000000000000000000, 0.000000000000000000, -7.744301232039316681E-17 ) ) ;
#2738 = FACE_OUTER_BOUND ( 'NONE', #539, .T. ) ;
ENDSEC;
END-ISO-10303-21;
